,Name,2G,3G,4G,5G,Announced,Released,Dimension,Weight,Build,Sim,Body(Other),Display Type,Display Size,Resolution,Display Protection,Display(Other),OS,Chipset,CPU,GPU,Memory(External),Memory(Internal),Main Camera,Main Camera(Features),Main Camera(Video),Front Camera,Front Camera(Features),Front Camera(Video),Speker,Headphone Jack,WiFi,Bluetooth,GPS,NFC,Radio,USB,Sensors,Battery Type,Charging,Battery Talktime,Colors,Models,SAR,SAR EU,Price,Benchmark Results,Battery Test,Popularity,Rating
0,Samsung Galaxy S10,True,True,True,False,"2019, February 20","Available. Released 2019, March 08",149.9 x 70.4 x 7.8 mm (5.90 x 2.77 x 0.31 in),157 g (5.54 oz),"Glass front (Gorilla Glass 6), glass back (Gorilla Glass 5), aluminum frame",Nano-SIMNano-SIM + Nano-SIM,IP68 dust/water resistant (up to 1.5m for 30 min),"Dynamic AMOLED, HDR10+","6.1 inches, 93.2 cm2 (~88.3% screen-to-body ratio)","1440 x 3040 pixels, 19:9 ratio (~550 ppi density)",Corning Gorilla Glass 6,Always-on display,"Android 9.0 (Pie), upgradable to Android 12, One UI 4.1",Exynos 9820 (8 nm) - EMEA/LATAMQualcomm SM8150 Snapdragon 855 (7 nm) - USA/China,Octa-core (2x2.73 GHz Mongoose M4 & 2x2.31 GHz Cortex-A75 & 4x1.95 GHz Cortex-A55) - EMEA/LATAMOcta-core (1x2.84 GHz Kryo 485 & 3x2.42 GHz Kryo 485 & 4x1.78 GHz Kryo 485) - USA/China,Mali-G76 MP12 - EMEA/LATAMAdreno 640 - USA/China,microSDXC (uses shared SIM slot) - dual SIM model only,"128GB 6GB RAM, 128GB 8GB RAM, 512GB 8GB RAM","12 MP, f/1.5-2.4, 26mm (wide), 1/2.55"", 1.4µm, dual pixel PDAF, OIS__12 MP, f/2.4, 52mm (telephoto), 1/3.6"", 1.0µm, AF, OIS, 2x optical zoom__16 MP, f/2.2, 12mm (ultrawide), 1/3.1"", 1.0µm, Super Steady video","LED flash, auto-HDR, panorama","4K@60fps (no EIS), 4K@30fps, 1080p@30/60/240fps, 720p@960fps, HDR10+, stereo sound rec., gyro-EIS & OIS","10 MP, f/1.9, 26mm (wide), 1/3"", 1.22µm, dual pixel PDAF",HDR,"4K@30/60fps, 1080p@30fps","Yes, with stereo speakers",Yes,"Wi-Fi 802.11 a/b/g/n/ac/6, dual-band, Wi-Fi Direct","5.0, A2DP, LE, aptX","GPS, GLONASS, BDS, GALILEO",Yes,FM radio (USA & Canada only),"USB Type-C 3.1, OTG, DisplayPort","Fingerprint (under display, ultrasonic), accelerometer, gyro, proximity, compass, barometer, heart rate, SpO2","Li-Ion 3400 mAh, non-removable","15W wired, PD2.0__15W wireless (Qi/PMA)__4.5W reverse wireless",,"Prism White, Prism Black, Prism Green, Prism Blue, Canary Yellow, Flamingo Pink, Cardinal Red, Smoke Blue","SM-G973F, SM-G973U, SM-G973W, SM-G973U1, SM-G9730, SM-G973N, SM-G973X, SCV41, SM-G973C",0.93 W/kg (head) 0.79 W/kg (body) ,0.48 W/kg (head) 1.59 W/kg (body) ,"€ 156.20 / $ 148.87 / £ 135.00 / ₹ 29,999",__AnTuTu: 328366 (v7)__GeekBench: 10174 (v4.4)__GFXBench: 23fps (ES 3.1 onscreen),Endurance rating 79h,"21,692,502 hits",4.4
1,Samsung Galaxy S10e,True,True,True,False,"2019, February 20","Available. Released 2019, March 08",142.2 x 69.9 x 7.9 mm (5.60 x 2.75 x 0.31 in),150 g (5.29 oz),"Glass front (Gorilla Glass 5), glass back (Gorilla Glass 5), aluminum frame",Nano-SIMNano-SIM + Nano-SIM,IP68 dust/water resistant (up to 1.5m for 30 min),"Dynamic AMOLED, HDR10+","5.8 inches, 82.8 cm2 (~83.3% screen-to-body ratio)","1080 x 2280 pixels, 19:9 ratio (~438 ppi density)",Corning Gorilla Glass 5,Always-on display,"Android 9.0 (Pie), upgradable to Android 12, One UI 4.1",Exynos 9820 (8 nm) - EMEA/LATAMQualcomm SM8150 Snapdragon 855 (7 nm) - USA/China,Octa-core (2x2.73 GHz Mongoose M4 & 2x2.31 GHz Cortex-A75 & 4x1.95 GHz Cortex-A55) - EMEA/LATAMOcta-core (1x2.84 GHz Kryo 485 & 3x2.42 GHz Kryo 485 & 4x1.78 GHz Kryo 485) - USA/China,Mali-G76 MP12 - EMEA/LATAM Adreno 640 - USA/China,microSDXC (uses shared SIM slot) - dual SIM model only,"128GB 6GB RAM, 128GB 8GB RAM, 256GB 8GB RAM","12 MP, f/1.5-2.4, 26mm (wide), 1/2.55"", 1.4µm, dual pixel PDAF, OIS__16 MP, f/2.2, 12mm (ultrawide), 1/3.1"", 1.0µm, Super Steady video","LED flash, auto-HDR, panorama","4K@60fps (no EIS), 4K@30fps, 1080p@30/60/240fps, 720p@960fps, HDR10+, stereo sound rec., gyro-EIS & OIS","10 MP, f/1.9, 26mm (wide), 1/3"", 1.22µm, dual pixel PDAF",HDR,"4K@30/60fps, 1080p@30fps","Yes, with stereo speakers",Yes,"Wi-Fi 802.11 a/b/g/n/ac/6, dual-band, Wi-Fi Direct","5.0, A2DP, LE, aptX","GPS, GLONASS, BDS, GALILEO",Yes,FM radio (USA & Canada only),USB Type-C 3.1,"Fingerprint (side-mounted), accelerometer, gyro, proximity, compass, barometer","Li-Ion 3100 mAh, non-removable","15W wired, PD2.0__15W wireless (Qi/PMA)__4.5W reverse wireless",,"Prism White, Prism Black, Prism Green, Prism Blue, Canary Yellow, Flamingo Pink","SM-G970F, SM-G970U, SM-G970W, SM-G9700, SM-G970U1, SM-G970N, SM-G970X",0.56 W/kg (head) 0.70 W/kg (body) ,0.58 W/kg (head) 1.57 W/kg (body) ,€ 230.00 / $ 149.94 / £ 148.92,"__AnTuTu: 325192 (v7), 389694 (v8)__GeekBench: 10081 (v4.4), 2141 (v5.1)__GFXBench: 40fps (ES 3.1 onscreen)",Endurance rating 83h,"11,734,806 hits",4.5
2,Samsung Galaxy S9,True,True,True,False,"2018, February 25","Available. Released 2018, March 09",147.7 x 68.7 x 8.5 mm (5.81 x 2.70 x 0.33 in),163 g (5.75 oz),"Glass front (Gorilla Glass 5), glass back (Gorilla Glass 5), aluminum frame",Nano-SIMNano-SIM + Nano-SIM,IP68 dust/water resistant (up to 1.5m for 30 min)_,"Super AMOLED, HDR10","5.8 inches, 84.8 cm2 (~83.6% screen-to-body ratio)","1440 x 2960 pixels, 18.5:9 ratio (~570 ppi density)",Corning Gorilla Glass 5,3D Touch (home button only)__Always-on display,"Android 8.0 (Oreo), upgradable to Android 10, One UI 2.5","Exynos 9810 (10 nm) - EMEAQualcomm SDM845 Snapdragon 845 (10 nm) - USA/LATAM, China","Octa-core (4x2.7 GHz Mongoose M3 & 4x1.8 GHz Cortex-A55) - EMEAOcta-core (4x2.8 GHz Kryo 385 Gold & 4x1.7 GHz Kryo 385 Silver) - USA/LATAM, China","Mali-G72 MP18 - EMEAAdreno 630 - USA/LATAM, China",microSDXC (uses shared SIM slot) - dual SIM model only,"64GB 4GB RAM, 128GB 4GB RAM, 256GB 4GB RAM","12 MP, f/1.5-2.4, 26mm (wide), 1/2.55"", 1.4µm, dual pixel PDAF, OIS","LED flash, auto-HDR, panorama","4K@30/60fps, 1080p@30/60/240fps, 720p@960fps, HDR, stereo sound rec., gyro-EIS & OIS (30fps)","8 MP, f/1.7, 25mm (wide), 1/3.6"", 1.22µm, AF__2 MP (dedicated iris scanner camera)",HDR,1440p@30fps,"Yes, with stereo speakers",Yes,"Wi-Fi 802.11 a/b/g/n/ac, dual-band, Wi-Fi Direct","5.0, A2DP, LE, aptX","GPS, GLONASS, BDS, GALILEO",Yes,FM radio (USA & Canada only),USB Type-C 3.1,"Iris scanner, fingerprint (rear-mounted), accelerometer, gyro, proximity, compass, barometer, heart rate, SpO2","Li-Ion 3000 mAh, non-removable (11.55 Wh)","15W wired, QC2__Wireless (Qi/PMA) (market dependent)",,"Midnight Black, Coral Blue, Titanium Gray, Lilac Purple, Burgundy Red, Sunrise Gold, Ice Blue","SM-G960F, SM-G960, SM-G960F, SM-G960U, SM-G960W, SM-G9600, SM-G960U1, SM-G960N, SCV38, SM-G960X, SC-02K",0.63 W/kg (head) 0.96 W/kg (body) ,0.36 W/kg (head) 1.18 W/kg (body) ,€ 184.99 / $ 134.44 / £ 86.49,__AnTuTu: 250156 (v7)__GeekBench: 8830 (v4.4)__GFXBench: 14fps (ES 3.1 onscreen),Endurance rating 78h,"19,985,242 hits",4.7
3,Samsung Galaxy S9+,True,True,True,False,"2018, February 25","Available. Released 2018, March",158.1 x 73.8 x 8.5 mm (6.22 x 2.91 x 0.33 in),189 g (6.67 oz),"Glass front (Gorilla Glass 5), glass back (Gorilla Glass 5), aluminum frame",Nano-SIMNano-SIM + Nano-SIM,IP68 dust/water resistant (up to 1.5m for 30 min),"Super AMOLED, HDR10","6.2 inches, 98.3 cm2 (~84.2% screen-to-body ratio)","1440 x 2960 pixels, 18.5:9 ratio (~529 ppi density)",Corning Gorilla Glass 5,3D Touch (home button only)__Always-on display,"Android 8.0 (Oreo), upgradable to Android 10, One UI 2.5","Exynos 9810 (10 nm) - EMEAQualcomm SDM845 Snapdragon 845 (10 nm) - USA/LATAM, China","Octa-core (4x2.7 GHz Mongoose M3 & 4x1.8 GHz Cortex-A55) - EMEAOcta-core (4x2.8 GHz Kryo 385 Gold & 4x1.7 GHz Kryo 385 Silver) - USA/LATAM, China","Mali-G72 MP18 - EMEAAdreno 630 - USA/LATAM, China",microSDXC (uses shared SIM slot) - dual SIM model only,"64GB 4GB RAM, 64GB 6GB RAM, 128GB 6GB RAM, 256GB 6GB RAM","12 MP, f/1.5-2.4, 26mm (wide), 1/2.55"", 1.4µm, dual pixel PDAF, OIS__12 MP, f/2.4, 52mm (telephoto), 1/3.6"", 1.0µm, AF, OIS, 2x optical zoom","LED flash, auto-HDR, panorama","4K@30/60fps, 1080p@30/60/240fps, 720p@960fps, HDR, stereo sound rec., gyro-EIS & OIS (30fps)","8 MP, f/1.7, 25mm (wide), 1/3.6"", 1.22µm, AF__2 MP (dedicated iris scanner camera)",HDR,1440p@30fps,"Yes, with stereo speakers",Yes,"Wi-Fi 802.11 a/b/g/n/ac, dual-band, Wi-Fi Direct","5.0, A2DP, LE, aptX","GPS, GLONASS, BDS, GALILEO",Yes,FM radio (USA & Canada only),USB Type-C 3.1,"Iris scanner, fingerprint (rear-mounted), accelerometer, gyro, proximity, compass, barometer, heart rate, SpO2","Li-Ion 3500 mAh, non-removable (13.48 Wh)","15W wired, QC2__Wireless (Qi/PMA) (market dependent)",,"Midnight Black, Coral Blue, Titanium Gray, Lilac Purple, Burgundy Red, Sunrise Gold, Ice Blue, Polaris Blue","SM-G965F, SM-G965U, SM-G965W, SM-G9650, SM-G965U1, SM-G965N, SCV39, SM-G965X, SC-03K",0.78 W/kg (head) 0.79 W/kg (body) ,0.29 W/kg (head) 1.35 W/kg (body) ,€ 219.97 / $ 229.99 / £ 749.99,__AnTuTu: 246660 (v7)__GeekBench: 8883 (v4.4)__GFXBench: 14fps (ES 3.1 onscreen),Endurance rating 86h,"18,070,436 hits",4.7
4,Samsung Galaxy A10,True,True,True,False,"2019, February 28","Available. Released 2019, March 19",155.6 x 75.6 x 7.9 mm (6.13 x 2.98 x 0.31 in),168 g (5.93 oz),"Glass front, plastic back, plastic frame",Nano-SIMNano-SIM + Nano-SIM,,IPS LCD,"6.2 inches, 95.9 cm2 (~81.6% screen-to-body ratio)","720 x 1520 pixels, 19:9 ratio (~271 ppi density)",,,"Android 9.0 (Pie), upgradable to Android 11, One UI 3",Exynos 7884 (14 nm),Octa-core (2x1.6 GHz Cortex-A73 & 6x1.35 GHz Cortex-A53),Mali-G71 MP2,microSDXC (dedicated slot),"32GB 2GB RAM, 32GB 4GB RAM","13 MP, f/1.9, 28mm (wide), AF","LED flash, panorama, HDR",1080p@30fps,"5 MP, f/2.0",,,Yes,Yes,"Wi-Fi 802.11 b/g/n, Wi-Fi Direct","5.0, A2DP, LE","GPS, GLONASS, GALILEO, BDS",No,FM radio,"microUSB 2.0, OTG","Accelerometer, proximity","Li-Ion 3400 mAh, non-removable",,,"Blue, Black, Red, Gold","SM-A105F, SM-A105G, SM-A105M, SM-A105FN",0.19 W/kg (head) 1.20 W/kg (body) ,0.32 W/kg (head) 1.09 W/kg (body) ,About 160 EUR,,,"11,790,264 hits",
5,Xiaomi Redmi Note 8,True,True,True,False,"2019, August 29","Available. Released 2019, October 16",158.3 x 75.3 x 8.4 mm (6.23 x 2.96 x 0.33 in),190 (6.70 oz),"Glass front (Gorilla Glass 5), glass back (Gorilla Glass 5), plastic frame",Nano-SIM + Nano-SIM,,IPS LCD,"6.3 inches, 97.4 cm2 (~81.7% screen-to-body ratio)","1080 x 2340 pixels, 19.5:9 ratio (~409 ppi density)",Corning Gorilla Glass 5,,"Android 9.0 (Pie), upgradable to Android 11, MIUI 12.5",Qualcomm SDM665 Snapdragon 665 (11 nm),Octa-core (4x2.0 GHz Kryo 260 Gold & 4x1.8 GHz Kryo 260 Silver),Adreno 610,microSDXC (dedicated slot),"32GB 3GB RAM, 64GB 4GB RAM, 64GB 6GB RAM, 128GB 4GB RAM, 128GB 6GB RAM","48 MP, f/1.8, 26mm (wide), 1/2.0"", 0.8µm, PDAF__8 MP, f/2.2, 120˚ (ultrawide), 1/4.0"", 1.12µm__2 MP, f/2.4, (macro)__2 MP, f/2.4, (depth)","LED flash, HDR, panorama","4K@30fps, 1080p@30/60/120fps; gyro-EIS","13 MP, f/2.0, (wide), 1/3.1"", 1.12µm","HDR, panorama",1080p@30fps,Yes,Yes,"Wi-Fi 802.11 a/b/g/n/ac, dual-band, Wi-Fi Direct","4.2, A2DP, LE","GPS, GLONASS, BDS",No,FM radio,"USB Type-C 2.0, OTG","Fingerprint (rear-mounted), accelerometer, gyro, proximity, compass","Li-Po 4000 mAh, non-removable",18W wired,,"Neptune Blue, Moonlight White, Space Black, Nebula Purple, Cosmic Purple","M1908C3JH, M1908C3JG, M1908C3JI",0.26 W/kg (head) 1.00 W/kg (body) ,0.19 W/kg (head) 1.09 W/kg (body) ,About 220 EUR,"__AnTuTu: 141915 (v7), 161572 (v8)__GeekBench: 5590 (v4.4), 1339 (v5.1)__GFXBench: 5.9fps (ES 3.1 onscreen)",Endurance rating 108h,"17,817,165 hits",3.9
6,Xiaomi Redmi Note 8 Pro,True,True,True,False,"2019, August 29","Available. Released 2019, September 24",161.4 x 76.4 x 8.8 mm (6.35 x 3.01 x 0.35 in),200 g (7.05 oz),"Glass front (Gorilla Glass 5), glass back (Gorilla Glass 5), plastic frame",Nano-SIM + Nano-SIM,,"IPS LCD, HDR, 500 nits (typ)","6.53 inches, 104.7 cm2 (~84.9% screen-to-body ratio)","1080 x 2340 pixels, 19.5:9 ratio (~395 ppi density)",Corning Gorilla Glass 5,,"Android 9.0 (Pie), upgradable to Android 11, MIUI 12.5",Mediatek MT6785V/CC Helio G90T (12 nm),Octa-core (2x2.05 GHz Cortex-A76 & 6x2.0 GHz Cortex-A55),Mali-G76 MC4,microSDXC (uses shared SIM slot),"64GB 4GB RAM, 64GB 6GB RAM, 128GB 4GB RAM, 128GB 6GB RAM, 128GB 8GB RAM, 256GB 8GB RAM","64 MP, f/1.9, 26mm (wide), 1/1.72"", 0.8µm, PDAF__8 MP, f/2.2, 13mm (ultrawide), 1/4.0"", 1.12µm__2 MP, f/2.4, (macro)__2 MP, f/2.4, (depth)","LED flash, HDR, panorama","4K@30fps, 1080p@30/60/120fps, 720p@960fps, gyro-EIS","20 MP, f/2.0, (wide), 1/3"", 0.9µm","HDR, panorama",1080p@30fps,Yes,Yes,"Wi-Fi 802.11 a/b/g/n/ac, dual-band, Wi-Fi Direct","5.0, A2DP, LE","GPS, GLONASS, GALILEO, BDS",Yes,"FM radio, recording",USB Type-C 2.0,"Fingerprint (rear-mounted), accelerometer, gyro, proximity, compass","Li-Po 4500 mAh, non-removable",18W wired,,"Black, Red, Blue, White, Deep Sea Blue, Midnight Blue, Electric Blue, Twilight Orange","2015105, M1906G7I, M1906G7G",1.15 W/kg (head) 1.18 W/kg (body) ,1.00 W/kg (head) 1.47 W/kg (body) ,About 220 EUR,"__AnTuTu: 224759 (v7), 279355 (v8)__GeekBench: 6999 (v4.4), 1622 (v5.1)__GFXBench: 14fps (ES 3.1 onscreen)",Endurance rating 114h,"18,735,133 hits",4.1
7,Samsung Galaxy S20,True,True,True,False,"2020, February 11","Available. Released 2020, March 06",151.7 x 69.1 x 7.9 mm (5.97 x 2.72 x 0.31 in),163 g (5.75 oz),"Glass front (Gorilla Glass 6), glass back (Gorilla Glass 6), aluminum frame",Nano-SIM + eSIMNano-SIM + Nano-SIM,IP68 dust/water resistant (up to 1.5m for 30 min),"Dynamic AMOLED 2X, 120Hz, HDR10+, 1200 nits (peak)","6.2 inches, 93.8 cm2 (~89.5% screen-to-body ratio)","1440 x 3200 pixels, 20:9 ratio (~563 ppi density)",Corning Gorilla Glass 6,Always-on display__120Hz@FHD/60Hz@QHD refresh rate,"Android 10, upgradable to Android 13, One UI 5",Exynos 990 (7 nm+) - GlobalQualcomm SM8250 Snapdragon 865 5G (7 nm+) - USA,Octa-core (2x2.73 GHz Mongoose M5 & 2x2.50 GHz Cortex-A76 & 4x2.0 GHz Cortex-A55) - GlobalOcta-core (1x2.84 GHz Cortex-A77 & 3x2.42 GHz Cortex-A77 & 4x1.80 GHz Cortex-A55) - USA,Mali-G77 MP11 - GlobalAdreno 650 - USA,microSDXC (uses shared SIM slot),128GB 8GB RAM,"12 MP, f/1.8, 26mm (wide), 1/1.76"", 1.8µm, dual pixel PDAF, OIS__64 MP, f/2.0, 29mm (telephoto), 1/1.72"", 0.8µm, PDAF, OIS, 1.1x optical zoom, 3x hybrid zoom__12 MP, f/2.2, 13mm, 120˚ (ultrawide), 1/2.55"" 1.4µm, Super Steady video","LED flash, auto-HDR, panorama","8K@24fps, 4K@30/60fps, 1080p@30/60/240fps, 720p@960fps, HDR10+, stereo sound rec., gyro-EIS & OIS","10 MP, f/2.2, 26mm (wide), 1/3.24"", 1.22µm, dual pixel PDAF",HDR,"4K@30/60fps, 1080p@30fps","Yes, with stereo speakers",No,"Wi-Fi 802.11 a/b/g/n/ac/6, dual-band, Wi-Fi Direct","5.0, A2DP, LE","GPS, GLONASS, BDS, GALILEO",Yes,FM radio (Snapdragon model only; market/operator dependent),"USB Type-C 3.2, OTG","Fingerprint (under display, ultrasonic), accelerometer, gyro, proximity, compass, barometer",Li-Ion 4000 mAh,"25W wired, PD3.0__15W wireless (Qi/PMA)__4.5W reverse wireless",,"Cosmic Grey, Cloud Blue, Cloud Pink, Cloud White, Aura Red","SM-G980, SM-G980F, SM-G980F/DS",0.76 W/kg (head) 1.01 W/kg (body) ,0.28 W/kg (head) 1.52 W/kg (body) ,€ 243.00 / $ 204.00 / £ 169.10,"__AnTuTu: 525029 (v8)__GeekBench: 12557 (v4.4), 2750 (v5.1)__GFXBench: 44fps (ES 3.1 onscreen)",Endurance rating 71h,"11,576,147 hits",4.3
8,Samsung Galaxy S20+,True,True,True,False,"2020, February 11","Available. Released 2020, March 06",161.9 x 73.7 x 7.8 mm (6.37 x 2.90 x 0.31 in),186 g (6.56 oz),"Glass front (Gorilla Glass 6), glass back (Gorilla Glass 6), aluminum frame",Nano-SIM + eSIMNano-SIM + Nano-SIM,IP68 dust/water resistant (up to 1.5m for 30 min),"Dynamic AMOLED 2X, 120Hz, HDR10+, 1200 nits (peak)","6.7 inches, 108.0 cm2 (~90.5% screen-to-body ratio)","1440 x 3200 pixels, 20:9 ratio (~525 ppi density)",Corning Gorilla Glass 6,Always-on display__120Hz@FHD/60Hz@QHD refresh rate,"Android 10, upgradable to Android 13, One UI 5",Exynos 990 (7 nm+) - GlobalQualcomm SM8250 Snapdragon 865 5G (7 nm+) - USA,Octa-core (2x2.73 GHz Mongoose M5 & 2x2.50 GHz Cortex-A76 & 4x2.0 GHz Cortex-A55) - GlobalOcta-core (1x2.84 GHz Cortex-A77 & 3x2.42 GHz Cortex-A77 & 4x1.80 GHz Cortex-A55) - USA,Mali-G77 MP11 - GlobalAdreno 650 - USA,microSDXC (uses shared SIM slot),128GB 8GB RAM,"12 MP, f/1.8, 26mm (wide), 1/1.76"", 1.8µm, dual pixel PDAF, OIS__64 MP, f/2.0, 29mm (telephoto), 1/1.72"", 0.8µm, PDAF, OIS, 1.1x optical zoom, 3x hybrid zoom__12 MP, f/2.2, 13mm, 120˚ (ultrawide), 1/2.55"" 1.4µm, Super Steady video__0.3 MP, TOF 3D, f/1.0, (depth)","LED flash, auto-HDR, panorama","8K@24fps, 4K@30/60fps, 1080p@30/60/240fps, 720p@960fps, HDR10+, stereo sound rec., gyro-EIS & OIS","10 MP, f/2.2, 26mm (wide), 1/3.24"", 1.22µm, dual pixel PDAF",HDR,"4K@30/60fps, 1080p@30fps","Yes, with stereo speakers",No,"Wi-Fi 802.11 a/b/g/n/ac/6, dual-band, Wi-Fi Direct","5.0, A2DP, LE","GPS, GLONASS, BDS, GALILEO",Yes,FM radio (Snapdragon model only; market/operator dependent),"USB Type-C 3.2, OTG","Fingerprint (under display, ultrasonic), accelerometer, gyro, proximity, compass, barometer",Li-Ion 4500 mAh,"25W wired, PD3.0__15W wireless (Qi/PMA)__4.5W reverse wireless",,"Cosmic Black, Cosmic Grey, Cloud Blue, Cloud White, Aura Red, Aura Blue","SM-G985, SM-G985F, SM-G985F/DS",0.72 W/kg (head) 1.03 W/kg (body) ,0.38 W/kg (head) 1.57 W/kg (body) ,€ 225.00 / $ 227.72 / £ 209.00,__AnTuTu: 500114 (v8)__GeekBench: 2703 (v5.1)__GFXBench: 42fps (ES 3.1 onscreen),Endurance rating 87h,"6,571,182 hits",4.4
9,Samsung Galaxy S20 Ultra,True,True,True,False,"2020, February 11","Available. Released 2020, March 15",166.9 x 76 x 8.8 mm (6.57 x 2.99 x 0.35 in),220 g (7.76 oz),"Glass front (Gorilla Glass 6), glass back (Gorilla Glass 6), aluminum frame",Nano-SIM + eSIMNano-SIM + Nano-SIM,IP68 dust/water resistant (up to 1.5m for 30 min),"Dynamic AMOLED 2X, 120Hz, HDR10+, 1400 nits (peak)","6.9 inches, 114.0 cm2 (~89.9% screen-to-body ratio)","1440 x 3200 pixels, 20:9 ratio (~511 ppi density)",Corning Gorilla Glass 6,Always-on display__120Hz@FHD/60Hz@QHD refresh rate,"Android 10, upgradable to Android 13, One UI 5",Exynos 990 (7 nm+)Qualcomm SM8250 Snapdragon 865 5G (7 nm+),Octa-core (2x2.73 GHz Mongoose M5 & 2x2.50 GHz Cortex-A76 & 4x2.0 GHz Cortex-A55)Octa-core (1x2.84 GHz Cortex-A77 & 3x2.42 GHz Cortex-A77 & 4x1.80 GHz Cortex-A55),Mali-G77 MP11Adreno 650,microSDXC (uses shared SIM slot),"128GB 12GB RAM, 512GB 16GB RAM","108 MP, f/1.8, 26mm (wide), 1/1.33"", 0.8µm, PDAF, OIS__48 MP, f/3.5, 103mm (periscope telephoto), 1/2.0"", 0.8µm, PDAF, OIS, 4x optical zoom, 10x hybrid zoom__12 MP, f/2.2, 13mm, 120˚ (ultrawide), 1/2.55"" 1.4µm, Super Steady video__0.3 MP, TOF 3D, f/1.0, (depth)","LED flash, auto-HDR, panorama","8K@24fps, 4K@30/60fps, 1080p@30/60/240fps, 720p@960fps, HDR10+, stereo sound rec., gyro-EIS & OIS","40 MP, f/2.2, 26mm (wide), 1/2.8"", 0.7µm, PDAF",HDR,"4K@30/60fps, 1080p@30fps","Yes, with stereo speakers",No,"Wi-Fi 802.11 a/b/g/n/ac/6, dual-band, Wi-Fi Direct","5.0, A2DP, LE","GPS, GLONASS, BDS, GALILEO",Yes,FM radio (USA & Canada only),"USB Type-C 3.2, OTG","Fingerprint (under display, ultrasonic), accelerometer, gyro, proximity, compass, barometer",Li-Ion 5000 mAh,"45W wired, PD3.0__15W wireless (Qi/PMA)__4.5W reverse wireless",,"Cosmic Grey, Cosmic Black, Cloud White",SM-G988B/DS,0.94 W/kg (head) 0.95 W/kg (body) ,0.32 W/kg (head) 1.56 W/kg (body) ,About 690 EUR,,,"3,395,236 hits",4.0
10,Samsung Galaxy A50,True,True,True,False,"2019, February 25","Available. Released 2019, March 18",158.5 x 74.7 x 7.7 mm (6.24 x 2.94 x 0.30 in),166 g (5.86 oz),"Glass front (Gorilla Glass 3), plastic back, plastic frame",Nano-SIMNano-SIM + Nano-SIM,,Super AMOLED,"6.4 inches, 100.5 cm2 (~84.9% screen-to-body ratio)","1080 x 2340 pixels, 19.5:9 ratio (~403 ppi density)",Corning Gorilla Glass 3,,"Android 9.0 (Pie), upgradable to Android 11, One UI 3.0",Exynos 9610 (10 nm),Octa-core (4x2.3 GHz Cortex-A73 & 4x1.7 GHz Cortex-A53),Mali-G72 MP3,microSDXC (dedicated slot),"64GB 4GB RAM, 64GB 6GB RAM, 128GB 4GB RAM, 128GB 6GB RAM","25 MP, f/1.7, 26mm (wide), PDAF__8 MP, f/2.2, 13mm (ultrawide), 1/4.0"", 1.12µm__5 MP, f/2.2, (depth)","LED flash, panorama, HDR",1080p@30fps,"25 MP, f/2.0, 25mm (wide), 1/2.8"", 0.9µm",HDR,1080p@30fps,Yes,Yes,"Wi-Fi 802.11 a/b/g/n/ac, dual-band, Wi-Fi Direct","5.0, A2DP, LE","GPS, GLONASS, GALILEO, BDS",Yes (market dependent),FM radio,"USB Type-C 2.0, OTG","Fingerprint (under display, optical), accelerometer, gyro, proximity, compass","Li-Po 4000 mAh, non-removable",15W wired,,"Black, White, Blue, Coral","SM-A505F, SM-A505FN, SM-A505GN, SM-A505G, SM-A505FM, SM-A505YN, SM-A505W, SM-A505X, SM-A505U, SM-A505GT, SM-A505U1, SM-A505G, SM-A505N, SM-S506DL",1.31 W/kg (head) 0.58 W/kg (body) ,0.27 W/kg (head) 1.39 W/kg (body) ,About 270 EUR,__AnTuTu: 144574 (v7)__GeekBench: 5396 (v4.4)__GFXBench: 8fps (ES 3.1 onscreen),Endurance rating 98h,"24,496,546 hits",3.7
11,Samsung Galaxy A20,True,True,True,False,"2019, March 19","Available. Released 2019, April 05",158.4 x 74.7 x 7.8 mm (6.24 x 2.94 x 0.31 in),169 g (5.96 oz),"Glass front (Gorilla Glass 3), plastic back, plastic frame",Nano-SIMNano-SIM + Nano-SIM,,Super AMOLED,"6.4 inches, 100.5 cm2 (~85.0% screen-to-body ratio)","720 x 1560 pixels, 19.5:9 ratio (~268 ppi density)",Corning Gorilla Glass 3,,"Android 9.0 (Pie), upgradable to Android 11, One UI 3.1",Exynos 7884 (14 nm),Octa-core (2x1.6 GHz Cortex-A73 & 6x1.35 GHz Cortex-A53),Mali-G71 MP2,microSDXC (dedicated slot),32GB 3GB RAM,"13 MP, f/1.9, 28mm (wide), AF__5 MP, f/2.2, 12mm (ultrawide)","LED flash, panorama, HDR",1080p@30fps,"8 MP, f/2.0",,1080p@30fps,Yes,Yes,"Wi-Fi 802.11 b/g/n, Wi-Fi Direct","5.0, A2DP, LE","GPS, GLONASS, BDS",Yes (market/region dependent),FM radio,"USB Type-C 2.0, OTG","Fingerprint (rear-mounted), accelerometer, gyro, proximity, compass","Li-Po 4000 mAh, non-removable",15W wired,,"Black, Deep Blue, Red, Coral Orange, Gold","SM-A205F, SM-A205FN, SM-A205GN, SM-A205YN, SM-A205G, SM-A205W, SM-A205U, SM-A205S, SM-S205DL, SM-A205U1",1.09 W/kg (head) 0.60 W/kg (body) ,0.23 W/kg (head) 1.38 W/kg (body) ,$ 82.89 / £ 84.99,,,"11,314,612 hits",
12,Xiaomi Redmi Note 7,True,True,True,False,"2019, January 10","Available. Released 2019, February 28",159.2 x 75.2 x 8.1 mm (6.27 x 2.96 x 0.32 in),186 g (6.56 oz),"Glass front (Gorilla Glass 5), glass back (Gorilla Glass 5), plastic frame",Nano-SIM + Nano-SIM,,IPS LCD,"6.3 inches, 97.4 cm2 (~81.4% screen-to-body ratio)","1080 x 2340 pixels, 19.5:9 ratio (~409 ppi density)",Corning Gorilla Glass 5,,"Android 9.0 (Pie), planned upgrade to Android 10, MIUI 12",Qualcomm SDM660 Snapdragon 660 (14 nm),Octa-core (4x2.2 GHz Kryo 260 Gold & 4x1.8 GHz Kryo 260 Silver),Adreno 512,microSDXC (uses shared SIM slot),"32GB 3GB RAM, 64GB 4GB RAM, 64GB 6GB RAM, 128GB 4GB RAM","48 MP, f/1.8, (wide), 1/2.0"", 0.8µm, PDAF__5 MP, f/2.2, (depth)__or__12 MP, f/2.2, (wide), 1/2.9"", 1.25µm, PDAF__2 MP, f/2.4, (depth)","Dual-LED flash, HDR, panorama","1080p@30/60/120fps, (gyro-EIS)","13 MP, f/2.0, (wide), 1/3.1"", 1.12µm",HDR,1080p@30fps,Yes,Yes,"Wi-Fi 802.11 a/b/g/n/ac, dual-band, Wi-Fi Direct","5.0, A2DP, LE","GPS, GLONASS, BDS",No,"FM radio, recording",USB Type-C 2.0,"Fingerprint (rear-mounted), accelerometer, gyro, proximity, compass","Li-Po 4000 mAh, non-removable","18W wired, QC4",,"Blue, Black, Twilight Gold, White","M1901F7G, M1901F7H, M1901F7I",1.15 W/kg (head) 1.17 W/kg (body) ,0.59 W/kg (head) 1.27 W/kg (body) ,About 170 EUR,__AnTuTu: 139075 (v7)__GeekBench: 5411 (v4.4)__GFXBench: 7.7fps (ES 3.1 onscreen),Endurance rating 108h,"18,162,783 hits",4.0
13,Xiaomi Redmi Note 7 Pro,True,True,True,False,"2019, February 28","Available. Released 2019, March 18",159.2 x 75.2 x 8.1 mm (6.27 x 2.96 x 0.32 in),186 g (6.56 oz),"Glass front (Gorilla Glass 5), glass back (Gorilla Glass 5), plastic frame",Nano-SIM + Nano-SIM,,IPS LCD,"6.3 inches, 97.4 cm2 (~81.4% screen-to-body ratio)","1080 x 2340 pixels, 19.5:9 ratio (~409 ppi density)",Corning Gorilla Glass 5,,"Android 9.0 (Pie), upgradable to Android 10, MIUI 12",Qualcomm SDM675 Snapdragon 675 (11 nm),Octa-core (2x2.0 GHz Kryo 460 Gold & 6x1.7 GHz Kryo 460 Silver),Adreno 612,microSDXC (uses shared SIM slot),"64GB 4GB RAM, 64GB 6GB RAM, 128GB 6GB RAM","48 MP, f/1.8, (wide), 1/2.0"", 0.8µm, PDAF__5 MP, f/2.4, (depth)","Dual-LED flash, HDR, panorama","4K@30fps, 1080p@30/60/120fps, (gyro-EIS)","13 MP, (wide), 1/3.1"", 1.12µm",HDR,1080p@30fps,Yes,Yes,"Wi-Fi 802.11 a/b/g/n/ac, dual-band, Wi-Fi Direct","5.0, A2DP, LE","GPS, GLONASS, BDS",No,"FM radio, recording",USB Type-C 2.0,"Fingerprint (rear-mounted), accelerometer, gyro, proximity, compass","Li-Po 4000 mAh, non-removable","18W wired, QC4",,"Nebula Red, Neptune Blue, Space Black, Astro White",M1901F7S,0.96 W/kg (head) 0.84 W/kg (body) ,,About 260 EUR,"__AnTuTu: 180754 (v7), 215308 (v8)__GeekBench: 6620 (v4.4), 1624 (v5.1)__GFXBench: 7.9fps (ES 3.1 onscreen)",,"10,852,807 hits",
14,Huawei P30 Pro New Edition,True,True,True,False,"2020, May 12","Available. Released 2020, June 01",158 x 73.4 x 8.4 mm (6.22 x 2.89 x 0.33 in),192 g (6.77 oz),"Glass front (Aluminosilicate glass), glass back (Aluminosilicate glass), aluminum frame",Nano-SIMNano-SIM + Nano-SIM,IP68 dust/water resistant (up to 2m for 30 min)_,"OLED, HDR10","6.47 inches, 102.8 cm2 (~88.6% screen-to-body ratio)","1080 x 2340 pixels, 19.5:9 ratio (~398 ppi density)",,,"Android 10, EMUI 10.1, Google Play Services",Kirin 980 (7 nm),Octa-core (2x2.6 GHz Cortex-A76 & 2x1.92 GHz Cortex-A76 & 4x1.8 GHz Cortex-A55),Mali-G76 MP10,"NM (Nano Memory), up to 256GB (uses shared SIM slot)","128GB 6GB RAM, 256GB 8GB RAM","40 MP, f/1.6, 27mm (wide), 1/1.7"", PDAF, OIS__8 MP, f/3.4, 125mm (periscope telephoto), 1/4.0"", PDAF, OIS, 5x optical zoom, 10x hybrid zoom__20 MP, f/2.2, 16mm (ultrawide), 1/2.7"", PDAF__TOF 3D, (depth)","Leica optics, color spectrum sensor, dual-LED dual-tone flash, panorama, HDR","4K@30fps, 1080p@60fps, 1080p@30fps (gyro-EIS), 720p@960fps","32 MP, f/2.0, 26mm (wide), 1/2.8"", 0.8µm",HDR,1080p@30fps,Yes,No,"Wi-Fi 802.11 a/b/g/n/ac, dual-band, Wi-Fi Direct","5.0, A2DP, aptX HD, LE","GPS (L1+L5), GLONASS (L1), BDS (B1), GALILEO (E1+E5a), QZSS (L1+L5)",Yes,No,USB Type-C 3.1,"Fingerprint (under display, optical), accelerometer, gyro, proximity, compass",Li-Po 4200 mAh,"40W wired, 70% in 30 min__15W wireless__Reverse wireless",,"Aurora, Black, Silver Frost",,,,About 820 EUR,,,"1,192,195 hits",
15,Huawei P30 Pro New Edition,True,True,True,False,"2020, May 12","Available. Released 2020, June 01",158 x 73.4 x 8.4 mm (6.22 x 2.89 x 0.33 in),192 g (6.77 oz),"Glass front (Aluminosilicate glass), glass back (Aluminosilicate glass), aluminum frame",Nano-SIMNano-SIM + Nano-SIM,IP68 dust/water resistant (up to 2m for 30 min)_,"OLED, HDR10","6.47 inches, 102.8 cm2 (~88.6% screen-to-body ratio)","1080 x 2340 pixels, 19.5:9 ratio (~398 ppi density)",,,"Android 10, EMUI 10.1, Google Play Services",Kirin 980 (7 nm),Octa-core (2x2.6 GHz Cortex-A76 & 2x1.92 GHz Cortex-A76 & 4x1.8 GHz Cortex-A55),Mali-G76 MP10,"NM (Nano Memory), up to 256GB (uses shared SIM slot)","128GB 6GB RAM, 256GB 8GB RAM","40 MP, f/1.6, 27mm (wide), 1/1.7"", PDAF, OIS__8 MP, f/3.4, 125mm (periscope telephoto), 1/4.0"", PDAF, OIS, 5x optical zoom, 10x hybrid zoom__20 MP, f/2.2, 16mm (ultrawide), 1/2.7"", PDAF__TOF 3D, (depth)","Leica optics, color spectrum sensor, dual-LED dual-tone flash, panorama, HDR","4K@30fps, 1080p@60fps, 1080p@30fps (gyro-EIS), 720p@960fps","32 MP, f/2.0, 26mm (wide), 1/2.8"", 0.8µm",HDR,1080p@30fps,Yes,No,"Wi-Fi 802.11 a/b/g/n/ac, dual-band, Wi-Fi Direct","5.0, A2DP, aptX HD, LE","GPS (L1+L5), GLONASS (L1), BDS (B1), GALILEO (E1+E5a), QZSS (L1+L5)",Yes,No,USB Type-C 3.1,"Fingerprint (under display, optical), accelerometer, gyro, proximity, compass",Li-Po 4200 mAh,"40W wired, 70% in 30 min__15W wireless__Reverse wireless",,"Aurora, Black, Silver Frost",,,,About 820 EUR,,,"1,192,195 hits",
16,Samsung Galaxy A21s,True,True,True,False,"2020, May 15","Available. Released 2020, June 02",163.7 x 75.3 x 8.9 mm (6.44 x 2.96 x 0.35 in),192 g (6.77 oz),"Glass front, plastic frame, plastic back",Nano-SIMNano-SIM + Nano-SIM,,PLS LCD,"6.5 inches, 102.0 cm2 (~82.8% screen-to-body ratio)","720 x 1600 pixels, 20:9 ratio (~270 ppi density)",,,"Android 10, upgradable to Android 12, One UI 4.1",Exynos 850 (8 nm),Octa-core (4x2.0 GHz Cortex-A55 & 4x2.0 GHz Cortex-A55),Mali-G52,microSDXC (dedicated slot),"32GB 2GB RAM, 32GB 3GB RAM, 32GB 4GB RAM, 64GB 3GB RAM, 64GB 4GB RAM, 64GB 6GB RAM, 128GB 3GB RAM, 128GB 4GB RAM, 128GB 6GB RAM","48 MP, f/2.0, 26mm (wide), 1/2.0"", 0.8µm, PDAF__8 MP, f/2.2, 123˚ (ultrawide), 1/4.0"", 1.12µm__2 MP, f/2.4, (macro)__2 MP, f/2.4, (depth)","LED flash, panorama, HDR",1080p@30fps,"13 MP, f/2.2, (wide), 1/3.1"", 1.12µm",,1080p@30fps,Yes,Yes,"Wi-Fi 802.11 a/b/g/n/ac, dual-band, Wi-Fi Direct","5.0, A2DP, LE","GPS, GLONASS, GALILEO, BDS",Yes (market/region dependent),"FM radio, RDS, recording",USB Type-C 2.0,"Fingerprint (rear-mounted), accelerometer, gyro, proximity, compass",Li-Po 5000 mAh,15W wired,,"Black, White, Blue, Red","SM-A217F, SM-A217F/DS, SM-A217F/DSN, SM-A217M, SM-A217M/DS, SM-A217N",,0.42 W/kg (head) 1.54 W/kg (body) ,About 220 EUR,__AnTuTu: 107157 (v8)__GeekBench: 1100 (v5.1)__GFXBench: 11fps (ES 3.1 onscreen),Endurance rating 119h,"10,620,540 hits",3.0
17,Samsung Galaxy A01,True,True,True,False,"2019, December 17","Available. Released 2020, January",146.2 x 70.9 x 8.3 mm (5.76 x 2.79 x 0.33 in),149 g (5.26 oz),"Glass front, plastic back, plastic frame",Nano-SIMNano-SIM + Nano-SIM,,PLS LCD,"5.7 inches, 81.6 cm2 (~78.8% screen-to-body ratio)","720 x 1520 pixels, 19:9 ratio (~294 ppi density)",,,"Android 10, upgradable to Android 11, One UI 3.0",Qualcomm SDM439 Snapdragon 439 (12 nm),Octa-core (4x1.95 GHz Cortex-A53 & 4x1.45 GHz Cortex A53),Adreno 505,microSDXC (dedicated slot),"16GB 2GB RAM, 32GB 2GB RAM","13 MP, f/2.2, 28mm (wide), 1/3.1"", 1.12µm, AF__2 MP, f/2.4, (depth)",LED flash,1080p@30fps,"5 MP, f/2.2, 1/5.0"", 1.12µm",,Yes,Yes,Yes,"Wi-Fi 802.11 b/g/n, Wi-Fi Direct","4.2, A2DP, LE","GPS, GLONASS, GALILEO, BDS",No,"FM radio, RDS, recording",microUSB 2.0,"Accelerometer, proximity","Li-Ion 3000 mAh, non-removable",,,"Black, Blue, Red","SM-A015F, SM-A015F/DS, SM-A015G, SM-A015G/DS, SM-A015M, SM-A015M/DS, SM-A015T1, SM-S111DL, SM-A015V, SM-A015A, SM-A015AZ, SM-A015U, SM-A015U1",,0.35 W/kg (head) 1.56 W/kg (body) ,About 200 EUR,,,"4,460,341 hits",
18,Samsung Galaxy A11,True,True,True,False,"2020, March 13","Available. Released 2020, May 01",161.4 x 76.3 x 8 mm (6.35 x 3.00 x 0.31 in),177 g (6.24 oz),"Glass front, plastic back, plastic frame",Nano-SIMNano-SIM + Nano-SIM,,PLS LCD,"6.4 inches, 100.5 cm2 (~81.6% screen-to-body ratio)","720 x 1560 pixels, 19.5:9 ratio (~268 ppi density)",,,"Android 10, upgradable to Android 12, One UI Core 4.1",Qualcomm SDM450 Snapdragon 450 (14 nm),Octa-core 1.8 GHz Cortex-A53,Adreno 506,microSDXC (dedicated slot),"32GB 2GB RAM, 32GB 3GB RAM, 64GB 3GB RAM, 64GB 4GB RAM","13 MP, f/1.8, 27mm (wide), AF__5 MP, f/2.2, 115˚ (ultrawide)__2 MP, f/2.4, (depth)","LED flash, panorama, HDR",1080p@30fps,"8 MP, f/2.0",,1080p@30fps,Yes,Yes,"Wi-Fi 802.11 b/g/n, Wi-Fi Direct","4.2, A2DP, LE","GPS, GLONASS, GALILEO, BDS",No,FM radio,USB Type-C 2.0,"Fingerprint (rear-mounted), accelerometer, proximity",Li-Po 4000 mAh,15W wired_,,"Black, White, Blue, Red","SM-A115F/DS, SM-A115F, SM-A115M, SM-A115M/DS, SM-A115U, SM-A115A, SM-A115AZ, SM-A115U1, SM-A115W, SM-A115AP, SM-S115DL",,0.52 W/kg (head) 0.99 W/kg (body) ,About 160 EUR,,,"6,331,540 hits",
19,Samsung Galaxy J2 Core,True,True,True,False,"2018, August","Available. Released 2018, August",143.4 x 72.1 x 8.9 mm (5.65 x 2.84 x 0.35 in),154 g (5.43 oz),"Glass front (Gorilla Glass), plastic back, plastic frame","Dual SIM (Micro-SIM, dual stand-by)",,PLS LCD,"5.0 inches, 68.9 cm2 (~66.7% screen-to-body ratio)","540 x 960 pixels, 16:9 ratio (~220 ppi density)",Corning Gorilla Glass (unspecified version),,Android 8.1 Oreo (Go edition),Exynos 7570 Quad (14 nm),Quad-core 1.4 GHz Cortex-A53,Mali-T720,microSDXC (dedicated slot),"8GB 1GB RAM, 16GB 1GB RAM","8 MP, f/2.2, AF","LED flash, HDR, panorama",1080p@30fps,"5 MP, f/2.2",,,Yes,Yes,"Wi-Fi 802.11 b/g/n, Wi-Fi Direct","4.2, A2DP","GPS, GLONASS, BDS",No,FM radio,"microUSB 2.0, OTG","Accelerometer, proximity","Li-Ion 2600 mAh, removable",,,"Black, Gold, Lavender","SM-J260M, SM-J260Y, SM-J260G, SM-J260F, SM-J260T1, SM-J260A, SM-J260AZ, SM-S260DL",0.61 W/kg (head) 0.61 W/kg (body) ,1.39 W/kg (body) ,About 120 EUR,,,"2,711,446 hits",
20,Xiaomi Redmi Note 9 Pro,True,True,True,False,"2020, April 30","Available. Released 2020, May 05",165.8 x 76.7 x 8.8 mm (6.53 x 3.02 x 0.35 in),209 g (7.37 oz),"Glass front (Gorilla Glass 5), glass back (Gorilla Glass 5), plastic frame",Nano-SIM + Nano-SIM,,IPS LCD,"6.67 inches, 107.4 cm2 (~84.5% screen-to-body ratio)","1080 x 2400 pixels, 20:9 ratio (~395 ppi density)",Corning Gorilla Glass 5,,"Android 10, MIUI 11",Qualcomm SM7125 Snapdragon 720G (8 nm),Octa-core (2x2.3 GHz Kryo 465 Gold & 6x1.8 GHz Kryo 465 Silver),Adreno 618,microSDXC (dedicated slot),"64GB 6GB RAM, 128GB 4GB RAM, 128GB 6GB RAM, 128GB 8GB RAM","64 MP, f/1.9, 26mm (wide), 1/1.72"", 0.8µm, PDAF__8 MP, f/2.2, 119˚ (ultrawide), 1/4.0"", 1.12µm__5 MP, f/2.4, (macro), AF__2 MP, f/2.4, (depth)","LED flash, HDR, panorama","4K@30fps, 1080p@30/60/120fps, 720p@960fps, gyro-EIS","16 MP, f/2.5, (wide), 1/3.06"", 1.0µm","HDR, panorama",1080p@30/120fps,Yes,Yes,"Wi-Fi 802.11 a/b/g/n/ac, dual-band, Wi-Fi Direct","5.0, A2DP, LE","GPS, GLONASS, GALILEO, BDS",Yes,"FM radio, recording","USB Type-C 2.0, OTG","Fingerprint (side-mounted), accelerometer, gyro, proximity, compass",Li-Po 5020 mAh,30W wired,,"Tropical Green, Glacier White, Interstellar Gray",M2003J6B2G,0.87 W/kg (head) 0.71 W/kg (body) ,0.66 W/kg (head) 1.02 W/kg (body) ,€ 110.99 / £ 99.00,__AnTuTu: 279625 (v8)__GeekBench: 1785 (v5.1)__GFXBench: 15fps (ES 3.1 onscreen),Endurance rating 123h,"14,482,680 hits",3.8
21,Samsung Galaxy S21 FE 5G,True,True,True,True,"2022, January 04","Available. Released 2022, January 07",155.7 x 74.5 x 7.9 mm (6.13 x 2.93 x 0.31 in),177 g (6.24 oz),"Glass front (Gorilla Glass Victus), plastic back, aluminum frame",Nano-SIMNano-SIM + Nano-SIM,IP68 dust/water resistant (up to 1.5m for 30 min),"Dynamic AMOLED 2X, 120Hz, HDR10+","6.4 inches, 100.5 cm2 (~86.7% screen-to-body ratio)","1080 x 2340 pixels, 19.5:9 ratio (~403 ppi density)",Corning Gorilla Glass Victus,Always-on display,"Android 12, up to 4 major Android upgrades, One UI 6.1",Qualcomm SM8350 Snapdragon 888 5G (5 nm) - Version 1Exynos 2100 (5 nm) - Version 2,Octa-core (1x2.84 GHz Cortex-X1 & 3x2.42 GHz Cortex-A78 & 4x1.80 GHz Cortex-A55) - Version 1Octa-core (1x2.9 GHz Cortex-X1 & 3x2.80 GHz Cortex-A78 & 4x2.2 GHz Cortex-A55) - Version 2,Adreno 660 - Version 1Mali-G78 MP14 - Version 2,No,"128GB 6GB RAM, 128GB 8GB RAM, 256GB 6GB RAM, 256GB 8GB RAM","12 MP, f/1.8, 26mm (wide), 1/1.76"", 1.8µm, dual pixel PDAF, OIS__8 MP, f/2.4, 76mm (telephoto), 1/4.5"", 1.0µm, PDAF, OIS, 3x optical zoom__12 MP, f/2.2, 13mm, 123˚ (ultrawide), 1/3.0"", 1.12µm","LED flash, auto-HDR, panorama","4K@30/60fps, 1080p@30/60/240fps, 720p@960fps, HDR10+, gyro-EIS","32 MP, f/2.2, 26mm (wide), 1/2.74"", 0.8µm",HDR,"4K@30/60fps, 1080p@30/60fps, gyro-EIS","Yes, with stereo speakers",No,"Wi-Fi 802.11 a/b/g/n/ac/6, dual-band, Wi-Fi Direct","5.0, A2DP, LE","GPS, GLONASS, BDS, GALILEO",Yes,Unspecified,"USB Type-C, OTG","Fingerprint (under display, optical), accelerometer, gyro, proximity, compass",Li-Ion 4500 mAh,"25W wired, PD3.0, 50% in 30 min__15W wireless__Reverse wireless",,"White, Graphite, Lavender, Olive","SM-G990B, SM-G990B/DS, SM-G990U, SM-G990U1, SM-G990W, SM-G990E, SM-G9900, SM-G990B2, SM-G990U2, SM-G990W2, SM-G990U3",0.77 W/kg (head) 0.90 W/kg (body) ,0.95 W/kg (head) 1.48 W/kg (body) ,"€ 323.94 / $ 149.80 / £ 179.00 / ₹ 22,999","__AnTuTu: 566529 (v8), 719696 (v9)__GeekBench: 3049 (v5.1)__GFXBench: 56fps (ES 3.1 onscreen)",Endurance rating 92h,"14,849,542 hits",4.2
22,Samsung Galaxy S21 Ultra 5G,True,True,True,True,"2021, January 14","Available. Released 2021, January 29",165.1 x 75.6 x 8.9 mm (6.5 x 2.98 x 0.35 in),"227 g (Sub6), 229 g (mmWave) (8.01 oz)","Glass front (Gorilla Glass Victus), glass back (Gorilla Glass Victus), aluminum frame",Nano-SIM + eSIMNano-SIM + Nano-SIM + eSIM (max 2 at a time),IP68 dust/water resistant (up to 1.5m for 30 min)__Stylus support,"Dynamic AMOLED 2X, 120Hz, HDR10+, 1500 nits (peak)","6.8 inches, 112.1 cm2 (~89.8% screen-to-body ratio)","1440 x 3200 pixels, 20:9 ratio (~515 ppi density)",Corning Gorilla Glass Victus,Always-on display,"Android 11, up to 4 major Android upgrades, One UI 6.1",Exynos 2100 (5 nm) - InternationalQualcomm SM8350 Snapdragon 888 5G (5 nm) - USA/China,Octa-core (1x2.9 GHz Cortex-X1 & 3x2.80 GHz Cortex-A78 & 4x2.2 GHz Cortex-A55) - InternationalOcta-core (1x2.84 GHz Cortex-X1 & 3x2.42 GHz Cortex-A78 & 4x1.80 GHz Cortex-A55) - USA/China,Mali-G78 MP14 - InternationalAdreno 660 - USA/China,No,"128GB 12GB RAM, 256GB 12GB RAM, 256GB 16GB RAM, 512GB 12GB RAM, 512GB 16GB RAM","108 MP, f/1.8, 24mm (wide), 1/1.33"", 0.8µm, PDAF, OIS__10 MP, f/2.4, 72mm (telephoto), 1/3.24"", 1.22µm, dual pixel PDAF, OIS, 3x optical zoom__10 MP, f/4.9, 240mm (periscope telephoto), 1/3.24"", 1.22µm, dual pixel PDAF, OIS, 10x optical zoom__12 MP, f/2.2, 13mm (ultrawide), 1/2.55"", 1.4µm, dual pixel PDAF, Super Steady video","Laser AF, LED flash, auto-HDR, panorama","8K@24fps, 4K@30/60fps, 1080p@30/60/240fps, 720p@960fps, HDR10+, stereo sound rec., gyro-EIS","40 MP, f/2.2, 26mm (wide), 1/2.8"", 0.7µm, PDAF",HDR,"4K@30/60fps, 1080p@30fps","Yes, with stereo speakers",No,"Wi-Fi 802.11 a/b/g/n/ac/6e, dual-band, Wi-Fi Direct","5.2, A2DP, LE","GPS, GLONASS, BDS, GALILEO",Yes,FM radio (Snapdragon model only; market/operator dependent),"USB Type-C 3.2, OTG","Fingerprint (under display, ultrasonic), accelerometer, gyro, proximity, compass, barometer",Li-Ion 5000 mAh,"25W wired, PD3.0__15W wireless (Qi/PMA)__4.5W reverse wireless",,"Phantom Black, Phantom Silver, Phantom Titanium, Phantom Navy, Phantom Brown, Navy","SM-G998B, SM-G998B/DS, SM-G998U, SM-G998U1, SM-G998W, SM-G998N, SM-G9980",0.77 W/kg (head) 1.02 W/kg (body) ,0.71 W/kg (head) 1.58 W/kg (body) ,€ 457.00 / $ 252.60 / £ 249.99,__AnTuTu: 657150 (v8)__GeekBench: 3518 (v5.1)__GFXBench: 33fps (ES 3.1 onscreen),Endurance rating 114h,"18,977,533 hits",4.6
23,Samsung Galaxy S21+ 5G,True,True,True,True,"2021, January 14","Available. Released 2021, January 29",161.5 x 75.6 x 7.8 mm (6.36 x 2.98 x 0.31 in),"200 g (Sub6), 202 g (mmWave) (7.05 oz)","Glass front (Gorilla Glass Victus), glass back (Gorilla Glass Victus), aluminum frame",Nano-SIM + eSIMNano-SIM + Nano-SIM + eSIM (max 2 at a time),IP68 dust/water resistant (up to 1.5m for 30 min),"Dynamic AMOLED 2X, 120Hz, HDR10+, 1300 nits (peak)","6.7 inches, 107.8 cm2 (~88.3% screen-to-body ratio)","1080 x 2400 pixels, 20:9 ratio (~394 ppi density)",Corning Gorilla Glass Victus,Always-on display,"Android 11, up to 4 major Android upgrades, One UI 6.1",Exynos 2100 (5 nm) - InternationalQualcomm SM8350 Snapdragon 888 5G (5 nm) - USA/China,Octa-core (1x2.9 GHz Cortex-X1 & 3x2.80 GHz Cortex-A78 & 4x2.2 GHz Cortex-A55) - InternationalOcta-core (1x2.84 GHz Cortex-X1 & 3x2.42 GHz Cortex-A78 & 4x1.80 GHz Cortex-A55) - USA/China,Mali-G78 MP14 - InternationalAdreno 660 - USA/China,No,"128GB 8GB RAM, 256GB 8GB RAM","12 MP, f/1.8, 26mm (wide), 1/1.76"", 1.8µm, dual pixel PDAF, OIS__64 MP, f/2.0, 29mm (telephoto), 1/1.72"", 0.8µm, PDAF, OIS, 1.1x optical zoom, 3x hybrid zoom__12 MP, f/2.2, 13mm, 120˚ (ultrawide), 1/2.55"" 1.4µm, Super Steady video","LED flash, auto-HDR, panorama","8K@24fps, 4K@30/60fps, 1080p@30/60/240fps, 720p@960fps, HDR10+, stereo sound rec., gyro-EIS","10 MP, f/2.2, 26mm (wide), 1/3.24"", 1.22µm, dual pixel PDAF",HDR,"4K@30/60fps, 1080p@30fps","Yes, with stereo speakers",No,"Wi-Fi 802.11 a/b/g/n/ac/6, dual-band, Wi-Fi Direct","5.0, A2DP, LE","GPS, GLONASS, BDS, GALILEO",Yes,FM radio (Snapdragon model only; market/operator dependent),"USB Type-C 3.2, OTG","Fingerprint (under display, ultrasonic), accelerometer, gyro, proximity, compass, barometer",Li-Ion 4800 mAh,"25W wired, PD3.0__15W wireless (Qi/PMA)__4.5W reverse wireless",,"Phantom Black, Phantom Silver, Phantom Violet, Phantom Pink, Phantom Gold, Phantom Red","SM-G996B, SM-G996B/DS, SM-G996U, SM-G996U1, SM-G996W, SM-G996N, SM-G9960",0.65 W/kg (head) 0.95 W/kg (body) ,0.54 W/kg (head) 1.33 W/kg (body) ,"€ 306.42 / $ 219.95 / £ 217.50 / ₹ 29,499",__AnTuTu: 622276 (v8)__GeekBench: 3476 (v5.1)__GFXBench: 54fps (ES 3.1 onscreen),Endurance rating 114h,"6,614,978 hits",4.2
24,Samsung Galaxy S21 5G,True,True,True,True,"2021, January 14","Available. Released 2021, January 29",151.7 x 71.2 x 7.9 mm (5.97 x 2.80 x 0.31 in),"169 g (Sub6), 171 g (mmWave) (5.96 oz)","Glass front (Gorilla Glass Victus), plastic back, aluminum frame",Nano-SIM + eSIMNano-SIM + Nano-SIM + eSIM (max 2 at a time),IP68 dust/water resistant (up to 1.5m for 30 min),"Dynamic AMOLED 2X, 120Hz, HDR10+, 1300 nits (peak)","6.2 inches, 94.1 cm2 (~87.2% screen-to-body ratio)","1080 x 2400 pixels, 20:9 ratio (~421 ppi density)",Corning Gorilla Glass Victus,Always-on display,"Android 11, up to 4 major Android upgrades, One UI 6.1",Exynos 2100 (5 nm) - InternationalQualcomm SM8350 Snapdragon 888 5G (5 nm) - USA/China,Octa-core (1x2.9 GHz Cortex-X1 & 3x2.80 GHz Cortex-A78 & 4x2.2 GHz Cortex-A55) - InternationalOcta-core (1x2.84 GHz Cortex-X1 & 3x2.42 GHz Cortex-A78 & 4x1.80 GHz Cortex-A55) - USA/China,Mali-G78 MP14 - InternationalAdreno 660 - USA/China,No,"128GB 8GB RAM, 256GB 8GB RAM","12 MP, f/1.8, 26mm (wide), 1/1.76"", 1.8µm, dual pixel PDAF, OIS__64 MP, f/2.0, 29mm (telephoto), 1/1.72"", 0.8µm, PDAF, OIS, 1.1x optical zoom, 3x hybrid zoom__12 MP, f/2.2, 13mm, 120˚ (ultrawide), 1/2.55"" 1.4µm, Super Steady video","LED flash, auto-HDR, panorama","8K@24fps, 4K@30/60fps, 1080p@30/60/240fps, 720p@960fps, HDR10+, stereo sound rec., gyro-EIS","10 MP, f/2.2, 26mm (wide), 1/3.24"", 1.22µm, dual pixel PDAF",HDR,"4K@30/60fps, 1080p@30fps","Yes, with stereo speakers",No,"Wi-Fi 802.11 a/b/g/n/ac/6, dual-band, Wi-Fi Direct","5.0, A2DP, LE","GPS, GLONASS, BDS, GALILEO",Yes,FM radio (Snapdragon model only; market/operator dependent),"USB Type-C 3.2, OTG","Fingerprint (under display, ultrasonic), accelerometer, gyro, proximity, compass, barometer",Li-Ion 4000 mAh,"25W wired, PD3.0__15W wireless (Qi/PMA)__4.5W reverse wireless",,"Phantom Gray, Phantom White, Phantom Violet, Phantom Pink","SM-G991B, SM-G991B/DS, SM-G991U, SM-G991U1, SM-G991W, SM-G991N, SM-G9910, SM-G991Q, SCG09",0.74 W/kg (head) 1.08 W/kg (body) ,0.46 W/kg (head) 1.51 W/kg (body) ,€ 268.00 / $ 186.21 / £ 194.13,__AnTuTu: 584055 (v8)__GeekBench: 3238 (v5.1)__GFXBench: 60fps (ES 3.1 onscreen),Endurance rating 93h,"13,771,164 hits",4.2
25,Samsung Galaxy S21+ 5G,True,True,True,True,"2021, January 14","Available. Released 2021, January 29",161.5 x 75.6 x 7.8 mm (6.36 x 2.98 x 0.31 in),"200 g (Sub6), 202 g (mmWave) (7.05 oz)","Glass front (Gorilla Glass Victus), glass back (Gorilla Glass Victus), aluminum frame",Nano-SIM + eSIMNano-SIM + Nano-SIM + eSIM (max 2 at a time),IP68 dust/water resistant (up to 1.5m for 30 min),"Dynamic AMOLED 2X, 120Hz, HDR10+, 1300 nits (peak)","6.7 inches, 107.8 cm2 (~88.3% screen-to-body ratio)","1080 x 2400 pixels, 20:9 ratio (~394 ppi density)",Corning Gorilla Glass Victus,Always-on display,"Android 11, up to 4 major Android upgrades, One UI 6.1",Exynos 2100 (5 nm) - InternationalQualcomm SM8350 Snapdragon 888 5G (5 nm) - USA/China,Octa-core (1x2.9 GHz Cortex-X1 & 3x2.80 GHz Cortex-A78 & 4x2.2 GHz Cortex-A55) - InternationalOcta-core (1x2.84 GHz Cortex-X1 & 3x2.42 GHz Cortex-A78 & 4x1.80 GHz Cortex-A55) - USA/China,Mali-G78 MP14 - InternationalAdreno 660 - USA/China,No,"128GB 8GB RAM, 256GB 8GB RAM","12 MP, f/1.8, 26mm (wide), 1/1.76"", 1.8µm, dual pixel PDAF, OIS__64 MP, f/2.0, 29mm (telephoto), 1/1.72"", 0.8µm, PDAF, OIS, 1.1x optical zoom, 3x hybrid zoom__12 MP, f/2.2, 13mm, 120˚ (ultrawide), 1/2.55"" 1.4µm, Super Steady video","LED flash, auto-HDR, panorama","8K@24fps, 4K@30/60fps, 1080p@30/60/240fps, 720p@960fps, HDR10+, stereo sound rec., gyro-EIS","10 MP, f/2.2, 26mm (wide), 1/3.24"", 1.22µm, dual pixel PDAF",HDR,"4K@30/60fps, 1080p@30fps","Yes, with stereo speakers",No,"Wi-Fi 802.11 a/b/g/n/ac/6, dual-band, Wi-Fi Direct","5.0, A2DP, LE","GPS, GLONASS, BDS, GALILEO",Yes,FM radio (Snapdragon model only; market/operator dependent),"USB Type-C 3.2, OTG","Fingerprint (under display, ultrasonic), accelerometer, gyro, proximity, compass, barometer",Li-Ion 4800 mAh,"25W wired, PD3.0__15W wireless (Qi/PMA)__4.5W reverse wireless",,"Phantom Black, Phantom Silver, Phantom Violet, Phantom Pink, Phantom Gold, Phantom Red","SM-G996B, SM-G996B/DS, SM-G996U, SM-G996U1, SM-G996W, SM-G996N, SM-G9960",0.65 W/kg (head) 0.95 W/kg (body) ,0.54 W/kg (head) 1.33 W/kg (body) ,"€ 306.42 / $ 219.95 / £ 217.50 / ₹ 29,499",__AnTuTu: 622276 (v8)__GeekBench: 3476 (v5.1)__GFXBench: 54fps (ES 3.1 onscreen),Endurance rating 114h,"6,614,978 hits",4.2
26,Samsung Galaxy S21 Ultra 5G,True,True,True,True,"2021, January 14","Available. Released 2021, January 29",165.1 x 75.6 x 8.9 mm (6.5 x 2.98 x 0.35 in),"227 g (Sub6), 229 g (mmWave) (8.01 oz)","Glass front (Gorilla Glass Victus), glass back (Gorilla Glass Victus), aluminum frame",Nano-SIM + eSIMNano-SIM + Nano-SIM + eSIM (max 2 at a time),IP68 dust/water resistant (up to 1.5m for 30 min)__Stylus support,"Dynamic AMOLED 2X, 120Hz, HDR10+, 1500 nits (peak)","6.8 inches, 112.1 cm2 (~89.8% screen-to-body ratio)","1440 x 3200 pixels, 20:9 ratio (~515 ppi density)",Corning Gorilla Glass Victus,Always-on display,"Android 11, up to 4 major Android upgrades, One UI 6.1",Exynos 2100 (5 nm) - InternationalQualcomm SM8350 Snapdragon 888 5G (5 nm) - USA/China,Octa-core (1x2.9 GHz Cortex-X1 & 3x2.80 GHz Cortex-A78 & 4x2.2 GHz Cortex-A55) - InternationalOcta-core (1x2.84 GHz Cortex-X1 & 3x2.42 GHz Cortex-A78 & 4x1.80 GHz Cortex-A55) - USA/China,Mali-G78 MP14 - InternationalAdreno 660 - USA/China,No,"128GB 12GB RAM, 256GB 12GB RAM, 256GB 16GB RAM, 512GB 12GB RAM, 512GB 16GB RAM","108 MP, f/1.8, 24mm (wide), 1/1.33"", 0.8µm, PDAF, OIS__10 MP, f/2.4, 72mm (telephoto), 1/3.24"", 1.22µm, dual pixel PDAF, OIS, 3x optical zoom__10 MP, f/4.9, 240mm (periscope telephoto), 1/3.24"", 1.22µm, dual pixel PDAF, OIS, 10x optical zoom__12 MP, f/2.2, 13mm (ultrawide), 1/2.55"", 1.4µm, dual pixel PDAF, Super Steady video","Laser AF, LED flash, auto-HDR, panorama","8K@24fps, 4K@30/60fps, 1080p@30/60/240fps, 720p@960fps, HDR10+, stereo sound rec., gyro-EIS","40 MP, f/2.2, 26mm (wide), 1/2.8"", 0.7µm, PDAF",HDR,"4K@30/60fps, 1080p@30fps","Yes, with stereo speakers",No,"Wi-Fi 802.11 a/b/g/n/ac/6e, dual-band, Wi-Fi Direct","5.2, A2DP, LE","GPS, GLONASS, BDS, GALILEO",Yes,FM radio (Snapdragon model only; market/operator dependent),"USB Type-C 3.2, OTG","Fingerprint (under display, ultrasonic), accelerometer, gyro, proximity, compass, barometer",Li-Ion 5000 mAh,"25W wired, PD3.0__15W wireless (Qi/PMA)__4.5W reverse wireless",,"Phantom Black, Phantom Silver, Phantom Titanium, Phantom Navy, Phantom Brown, Navy","SM-G998B, SM-G998B/DS, SM-G998U, SM-G998U1, SM-G998W, SM-G998N, SM-G9980",0.77 W/kg (head) 1.02 W/kg (body) ,0.71 W/kg (head) 1.58 W/kg (body) ,€ 457.00 / $ 252.60 / £ 249.99,__AnTuTu: 657150 (v8)__GeekBench: 3518 (v5.1)__GFXBench: 33fps (ES 3.1 onscreen),Endurance rating 114h,"18,977,533 hits",4.6
27,Huawei Mate 30E Pro 5G,True,True,True,True,"2020, October 22","Available. Released 2020, November 01",158.1 x 73.1 x 8.8 mm (6.22 x 2.88 x 0.35 in),198 g (6.98 oz),"Glass front, glass back, aluminum frame",Nano-SIM + Nano-SIM,IP68 dust/water resistant (up to 2m for 30 min),"OLED, HDR10","6.53 inches, 108.7 cm2 (~94.1% screen-to-body ratio)","1176 x 2400 pixels, 18.5:9 ratio (~409 ppi density)",,,"Android 10, EMUI 11, no Google Play Services",Kirin 990E 5G (7 nm+),Octa-core (2x2.86 GHz Cortex-A76 & 2x2.36 GHz Cortex-A76 & 4x1.95 GHz Cortex-A55),Mali-G76 MP14,"NM (Nano Memory), up to 256GB (uses shared SIM slot)","128GB 8GB RAM, 256GB 8GB RAM","40 MP, f/1.6, 27mm (wide), 1/1.7"", PDAF, OIS__8 MP, f/2.4, 80mm (telephoto), 1/4.0"", PDAF, OIS, 3x optical zoom__40 MP, f/1.8, 18mm (ultrawide), 1/1.54"", PDAF__TOF 3D, (depth)","Leica optics, color spectrum sensor, dual-LED dual-tone flash, panorama, HDR","4K@30/60fps, 1080p@30/60/120fps, 1080p@960fps, 720p@7680fps, gyro-EIS","32 MP, f/2.0, 26mm (wide), 1/2.8"", 0.8µm__TOF 3D, (depth/biometrics sensor)","HDR, panorama",1080p@30fps,Yes,No,"Wi-Fi 802.11 a/b/g/n/ac, dual-band, DLNA, Wi-Fi Direct","5.1, A2DP, LE","GPS (L1+L5), GLONASS (L1), BDS (B1), GALILEO (E1+E5a), QZSS (L1+L5)",Yes,No,"USB Type-C 3.1, OTG","Face ID, fingerprint (under display, optical), accelerometer, gyro, proximity, barometer, compass",Li-Po 4500 mAh,40W wired__27W wireless__Reverse wireless,,"Black, Space Silver, Cosmic Purple, Emerald Green, Orange, Forest Green",LIO-AN00m,,,About 680 EUR,,,"337,952 hits",
28,Samsung Galaxy S22 Ultra 5G,True,True,True,True,"2022, February 09","Available. Released 2022, February 25",163.3 x 77.9 x 8.9 mm (6.43 x 3.07 x 0.35 in),228 g / 229 g (mmWave) (8.04 oz),"Glass front (Gorilla Glass Victus+), glass back (Gorilla Glass Victus+), aluminum frame",Nano-SIM + eSIMNano-SIM + Nano-SIM + eSIM (max 2 at a time),"IP68 dust/water resistant (up to 1.5m for 30 min)__Armor aluminum frame__Stylus, 2.8ms latency (Bluetooth integration, accelerometer, gyro)","Dynamic AMOLED 2X, 120Hz, HDR10+, 1750 nits (peak)","6.8 inches, 114.7 cm2 (~90.2% screen-to-body ratio)","1440 x 3088 pixels, 19.3:9 ratio (~500 ppi density)",Corning Gorilla Glass Victus+,Always-on display,"Android 12, up to 4 major Android upgrades, One UI 6.1.1",Exynos 2200 (4 nm) - EuropeQualcomm SM8450 Snapdragon 8 Gen 1 (4 nm) - ROW,Octa-core (1x2.8 GHz Cortex-X2 & 3x2.50 GHz Cortex-A710 & 4x1.8 GHz Cortex-A510) - EuropeOcta-core (1x3.00 GHz Cortex-X2 & 3x2.50 GHz Cortex-A710 & 4x1.80 GHz Cortex-A510) - ROW,Xclipse 920 - EuropeAdreno 730 - ROW,No,"128GB 8GB RAM, 256GB 12GB RAM, 512GB 12GB RAM, 1TB 12GB RAM","108 MP, f/1.8, 23mm (wide), 1/1.33"", 0.8µm, PDAF, OIS__10 MP, f/2.4, 70mm (telephoto), 1/3.52"", 1.12µm, PDAF, OIS, 3x optical zoom__10 MP, f/4.9, 230mm (periscope telephoto), 1/3.52"", 1.12µm, PDAF, OIS, 10x optical zoom__12 MP, f/2.2, 13mm, 120˚ (ultrawide), 1/2.55"", 1.4µm, dual pixel PDAF, Super Steady video","Laser AF, LED flash, auto-HDR, panorama","8K@24fps, 4K@30/60fps, 1080p@30/60/240fps, 720p@960fps, HDR10+, stereo sound rec., gyro-EIS","40 MP, f/2.2, 26mm (wide), 1/2.82"", 0.7µm, PDAF",HDR,"4K@30/60fps, 1080p@30fps","Yes, with stereo speakers",No,"Wi-Fi 802.11 a/b/g/n/ac/6e, dual-band, Wi-Fi Direct","5.2, A2DP, LE","GPS, GLONASS, BDS, GALILEO",Yes,No,"USB Type-C 3.2, OTG","Fingerprint (under display, ultrasonic), accelerometer, gyro, proximity, compass, barometer",Li-Ion 5000 mAh,"45W wired, PD3.0__15W wireless (Qi/PMA)__4.5W reverse wireless",,"Phantom Black, White, Burgundy, Green, Graphite, Red, Sky Blue, Bora Purple","SM-S908B, SM-S908B/DS, SM-S908U, SM-S908U1, SM-S908W, SM-S908N, SM-S9080, SM-S908E, SM-S908E/DS",1.18 W/kg (head) 0.98 W/kg (body) ,1.05 W/kg (head) 1.58 W/kg (body) ,"€ 435.00 / $ 374.30 / £ 354.99 / ₹ 79,999",__AnTuTu: 968359 (v9)__GeekBench: 3657 (v5.1)__GFXBench: 37fps (ES 3.1 onscreen),Endurance rating 108h,"20,358,354 hits",4.5
29,Xiaomi Redmi 6A,True,True,True,False,"2018, June","Available. Released 2018, June",147.5 x 71.5 x 8.3 mm (5.81 x 2.81 x 0.33 in),145 g (5.11 oz),"Glass front, plastic back, plastic frame",Nano-SIM + Nano-SIM,,IPS LCD,"5.45 inches, 76.7 cm2 (~72.7% screen-to-body ratio)","720 x 1440 pixels, 18:9 ratio (~295 ppi density)",,,"Android 8.1 (Oreo), planned upgrade to Android 10, MIUI 12",Mediatek MT6761 Helio A22 (12 nm),Quad-core 2.0 GHz Cortex-A53,PowerVR GE8320,microSDXC (dedicated slot),"16GB 2GB RAM, 32GB 2GB RAM, 32GB 3GB RAM","13 MP, f/2.2, PDAF","LED flash, HDR, panorama",1080p@30fps,"5 MP, f/2.2",,,Yes,Yes,"Wi-Fi 802.11 b/g/n, Wi-Fi Direct","4.2, A2DP, LE","GPS, GLONASS, BDS",No,FM radio,microUSB 2.0,"Accelerometer, proximity, compass","Li-Ion 3000 mAh, non-removable",,,"Black, Grey, Blue, Gold, Rose Gold","M1804C3CG, M1804C3CH, M1804C3CI",0.78 W/kg (head) 1.17 W/kg (body) ,0.66 W/kg (head) 1.52 W/kg (body) ,About 110 EUR,__AnTuTu: 61660 (v7)_GeekBench: 2450 (v4.4)_GFXBench: 3.1fps (ES 3.1 onscreen),,"8,129,558 hits",
30,Samsung Galaxy S20 FE,True,True,True,False,"2020, September 23","Available. Released 2020, October 02",159.8 x 74.5 x 8.4 mm (6.29 x 2.93 x 0.33 in),190 g (6.70 oz),"Glass front (Gorilla Glass 3), plastic back, aluminum frame",Nano-SIMNano-SIM + Nano-SIM,IP68 dust/water resistant (up to 1.5m for 30 min),"Super AMOLED, 120Hz, HDR10+","6.5 inches, 101.0 cm2 (~84.8% screen-to-body ratio)","1080 x 2400 pixels, 20:9 ratio (~407 ppi density)",Corning Gorilla Glass 3,Always-on display,"Android 10, upgradable to Android 13, One UI 5.1",Exynos 990 (7 nm+) - Version 1Qualcomm SM8250 Snapdragon 865 5G (7 nm+) - Version 2,Octa-core (2x2.73 GHz Mongoose M5 & 2x2.50 GHz Cortex-A76 & 4x2.0 GHz Cortex-A55) - Version 1Octa-core (1x2.84 GHz Cortex-A77 & 3x2.42 GHz Cortex-A77 & 4x1.80 GHz Cortex-A55) - Version 2,Mali-G77 MP11 - Version 1Adreno 650 - Version 2,microSDXC (uses shared SIM slot),"128GB 6GB RAM, 128GB 8GB RAM, 256GB 6GB RAM, 256GB 8GB RAM","12 MP, f/1.8, 26mm (wide), 1/1.76"", 1.8µm, dual pixel PDAF, OIS__8 MP, f/2.4, 76mm (telephoto), 1/4.5"", 1.0µm, PDAF, OIS, 3x optical zoom__12 MP, f/2.2, 13mm, 123˚ (ultrawide), 1/3.0"", 1.12µm","LED flash, auto-HDR, panorama","4K@30/60fps, 1080p@30/60fps, gyro-EIS","32 MP, f/2.2, 26mm (wide), 1/2.74"", 0.8µm",HDR,"4K@30/60fps, 1080p@30/60fps, gyro-EIS","Yes, with stereo speakers",No,"Wi-Fi 802.11 a/b/g/n/ac/6, dual-band, Wi-Fi Direct","5.0, A2DP, LE","GPS, GLONASS, BDS, GALILEO",Yes,No,"USB Type-C 3.2, OTG","Fingerprint (under display, optical), accelerometer, gyro, compass",Li-Ion 4500 mAh,"25W wired, PD3.0__15W wireless (Qi/PMA)__4.5W reverse wireless",,"Cloud Lavender, Cloud Mint, Cloud Navy, Cloud White, Cloud Red, Cloud Orange","SM-G780F, SM-G780F/DSM, SM-G780G",,0.24 W/kg (head) 1.45 W/kg (body) ,About 390 EUR,,,"6,655,984 hits",4.4
31,Oppo A5 Pro,True,True,True,True,"2024, December 24","Available. Released 2024, December 27",161.5 x 74.9 x 7.6 mm (6.36 x 2.95 x 0.30 in),180 g or 186 g (6.35 oz),"Glass front (Gorilla Glass Victus 2), glass back (Crystal Shield Glass)",Nano-SIM + Nano-SIM,IP68/IP69 dust/water resistant (up to 1.5m for 30 min)__GJB 150A-2009 certified,"AMOLED, 1B colors, 120Hz, 600 nits (typ), 1200 nits (HBM)","6.7 inches, 108.0 cm2 (~89.3% screen-to-body ratio)","1080 x 2412 pixels, 20:9 ratio (~394 ppi density)",Corning Gorilla Glass Victus 2,,"Android 15, ColorOS 15",Mediatek Dimensity 7300 (4 nm),Octa-core (4x2.5 GHz Cortex-A78 & 4x2.0 GHz Cortex-A55),Mali-G615 MC2,No,"256GB 8GB RAM, 256GB 12GB RAM, 512GB 8GB RAM, 512GB 12GB RAM","50 MP, f/1.8, 27mm (wide), PDAF__2 MP, f/2.4, (depth)","Color spectrum sensor, LED flash, HDR, panorama","4K@30fps, 1080p@30/60/120fps, gyro-EIS","16 MP, f/2.4, (wide)",Panorama,"1080p@30fps, gyro-EIS","Yes, with stereo speakers",No,"Wi-Fi 802.11 a/b/g/n/ac, dual-band","5.4, A2DP, LE, aptX HD","GPS, GALILEO, GLONASS, BDS, QZSS","Yes, HCE, eSE, NFC-SIM",No,"USB Type-C 2.0, OTG","Fingerprint (under display, optical), accelerometer, gyro, proximity, compass",Si/C 6000 mAh,"80W wired, 13.5W PD, 45% in 20 min",,"Black, White, Red, Purple",PKP110,,,About 260 EUR,,,"127,890 hits",
32,Oppo A59,True,True,True,True,"2023, December 22","Available. Released 2023, December 25",8.1 mm thickness,187 g (6.60 oz),,Nano-SIM + Nano-SIM,"IP54, dust and splash resistant","IPS LCD, 90Hz, 480 nits (typ), 600 nits (HBM)","6.56 inches, 103.4 cm2","720 x 1612 pixels, 20:9 ratio (~269 ppi density)",,,"Android 13, ColorOS 13.1",Mediatek Dimensity 6020 (7 nm),Octa-core (2x2.2 GHz Cortex-A76 & 6x2.0 GHz Cortex-A55),Mali-G57 MC2,microSDXC,"128GB 4GB RAM, 128GB 6GB RAM","13 MP, f/2.2, 25mm (wide), PDAF__2 MP, f/2.4, (depth)","LED flash, HDR, panorama",1080p@30fps,"8 MP, f/2.2, 27mm (wide)",,1080p@30fps,Yes,Yes,"Wi-Fi 802.11 a/b/g/n/ac, dual-band","5.3, A2DP, LE","GPS, GALILEO, GLONASS, BDS",Unspecified,No,"USB Type-C 2.0, OTG","Fingerprint (side-mounted), accelerometer, proximity, compass",5000 mAh,"33W wired, 52% in 30 min",,"Silk Gold, Starry Black",CPH2617,,,"₹ 12,499",,,"649,545 hits",
33,Oppo A58 4G,True,True,True,False,"2023, July 26","Available. Released 2023, July 28",165.7 x 76 x 8 mm (6.52 x 2.99 x 0.31 in),192 g (6.77 oz),"Glass front, plastic frame, plastic back",Nano-SIM + Nano-SIM,,"IPS LCD, 550 nits (typ), 680 nits (HBM)","6.72 inches, 109.0 cm2 (~86.6% screen-to-body ratio)","1080 x 2400 pixels, 20:9 ratio (~392 ppi density)",,,"Android 13, upgradable to Android 14, ColorOS 14",Mediatek MT6769 Helio G85 (12 nm),Octa-core (2x2.0 GHz Cortex-A75 & 6x1.8 GHz Cortex-A55),Mali-G52 MC2,microSDXC,"128GB 6GB RAM, 128GB 8GB RAM, 256GB 8GB RAM","50 MP, f/1.8, (wide), AF__2 MP, f/2.4, (depth)","LED flash, HDR, panorama",1080p@30fps,"8 MP, f/2.0, (wide)",Panorama,1080p@30fps,"Yes, with stereo speakers",Yes,"Wi-Fi 802.11 a/b/g/n/ac, dual-band","5.3, A2DP, LE, aptX HD","GPS, GALILEO, GLONASS, BDS, QZSS",Yes,No,"USB Type-C 2.0, OTG","Fingerprint (side-mounted), accelerometer, proximity, compass",Li-Po 5000 mAh,"33W wired, 56% in 30 min",,"Glowing Black, Dazzling Green",CPH2577,,,About 150 EUR,,,"1,637,687 hits",
34,Oppo A56s,True,True,True,True,"2023, January 05","Available. Released 2023, January 09",163.8 x 75.1 x 8 mm (6.45 x 2.96 x 0.31 in),186 g (6.56 oz),"Glass front, plastic frame, plastic back",Nano-SIM + Nano-SIM,,"IPS LCD, 90Hz, 480 nits (typ), 600 nits (HBM)","6.56 inches, 103.4 cm2 (~84.0% screen-to-body ratio)","720 x 1612 pixels, 20:9 ratio (~269 ppi density)",,,"Android 12, ColorOS 12.1",Mediatek Dimensity 810 (6 nm),Octa-core (2x2.4 GHz Cortex-A76 & 6x2.0 GHz Cortex-A55),Mali-G57 MC2,microSDXC,"128GB 8GB RAM, 256GB 8GB RAM","13 MP, f/2.2, 26mm (wide), 1/3.06"", 1.12µm, AF__2 MP, f/2.4, (depth)","LED flash, HDR, panorama",1080p@30fps,"8 MP, f/2.0, 26mm (wide)",,1080p@30fps,"Yes, with stereo speakers",Yes,"Wi-Fi 802.11 a/b/g/n/ac, dual-band, Wi-Fi Direct","5.2, A2DP, LE, aptX HD","GPS, GLONASS, GALILEO, BDS, QZSS",No,No,"USB Type-C 2.0, OTG","Fingerprint (side-mounted), accelerometer, proximity, compass",Li-Po 5000 mAh,10W wired,,"Black, Blue",PFTM20,,,About 150 EUR,,,"217,850 hits",
35,Oppo A58x,True,True,True,True,"2022, December 15","Available. Released 2022, December 15",163.8 x 75.1 x 8 mm (6.45 x 2.96 x 0.31 in),186 g (6.56 oz),,Nano-SIM + Nano-SIM,"IP54, dust and splash resistant","IPS LCD, 90Hz, 480 nits (typ), 600 nits (HBM)","6.56 inches, 103.4 cm2 (~84.0% screen-to-body ratio)","720 x 1612 pixels, 20:9 ratio (~269 ppi density)",Panda glass,,"Android 12, ColorOS 12.1",Mediatek Dimensity 700 (7 nm),Octa-core (2x2.2 GHz Cortex-A76 & 6x2.0 GHz Cortex-A55),Mali-G57 MC2,microSDXC,"128GB 6GB RAM, 128GB 8GB RAM","13 MP, f/2.2, 25mm (wide), PDAF__2 MP, f/2.4, (depth)","LED flash, HDR, panorama",1080p@30fps,"8 MP, f/2.2, 27mm (wide)",,1080p@30fps,"Yes, with stereo speakers",Yes,"Wi-Fi 802.11 a/b/g/n/ac, dual-band","5.3, A2DP, LE, aptX","GPS, GALILEO, GLONASS, BDS, QZSS",No,No,"USB Type-C 2.0, OTG","Fingerprint (side-mounted), accelerometer, proximity, compass",Li-Po 5000 mAh,10W wired,,"Black, Blue, Violet",,,,About 180 EUR,,,"162,253 hits",
36,Oppo A58 (China),True,True,True,True,"2022, November 08","Available. Released 2022, November 10",163.8 x 75 x 8 mm (6.45 x 2.95 x 0.31 in),188 g (6.63 oz),,Nano-SIM + Nano-SIM,"IP54, dust and splash resistant","IPS LCD, 90Hz, 480 nits (typ), 600 nits (HBM)","6.56 inches, 103.4 cm2 (~84.2% screen-to-body ratio)","720 x 1612 pixels, 20:9 ratio (~269 ppi density)",,,"Android 12, ColorOS 12.1",Mediatek Dimensity 700 (7 nm),Octa-core (2x2.2 GHz Cortex-A76 & 6x2.0 GHz Cortex-A55),Mali-G57 MC2,microSDXC,"128GB 6GB RAM, 128GB 8GB RAM, 256GB 8GB RAM","50 MP, f/1.8, 27mm (wide), PDAF__2 MP, f/2.4, (depth)","LED flash, HDR, panorama",1080p@30fps,"8 MP, f/2.0, 27mm (wide)",,1080p@30fps,"Yes, with stereo speakers",Yes,"Wi-Fi 802.11 a/b/g/n/ac, dual-band","5.3, A2DP, LE, aptX","GPS, GALILEO, GLONASS, BDS, QZSS",No,No,"USB Type-C 2.0, OTG","Fingerprint (side-mounted), accelerometer, proximity, compass",Li-Po 5000 mAh,33W wired,,"Black, Blue, Violet",,,,About 230 EUR,,,"988,973 hits",
37,Oppo A57e,True,True,True,False,"2022, August 31","Available. Released 2022, August 31",163.7 x 75 x 8 mm (6.44 x 2.95 x 0.31 in),187 g (6.60 oz),"Glass front, plastic frame, plastic back",Nano-SIM + Nano-SIM,"IP5X (dust), IPX4 (water) resistance","IPS LCD, 600 nits","6.56 inches, 103.4 cm2 (~84.2% screen-to-body ratio)","720 x 1612 pixels, 20:9 ratio (~269 ppi density)",,,"Android 12, ColorOS 12.1",Mediatek MT6765G Helio G35 (12 nm),Octa-core (4x2.3 GHz Cortex-A53 & 4x1.8 GHz Cortex-A53),PowerVR GE8320,microSDXC,64GB 4GB RAM,"13 MP, f/2.2, 26mm (wide), 1/3.06"", 1.12µm, AF__2 MP, f/2.4, (depth)","LED flash, HDR, panorama",1080p@30fps,"8 MP, f/2.0, (wide), 1/4.0"", 1.12µm",HDR,1080p@30fps,Yes,Yes,"Wi-Fi 802.11 a/b/g/n/ac, dual-band, Wi-Fi Direct",Yes,GPS,No,Unspecified,"USB Type-C 2.0, OTG","Fingerprint (side-mounted), accelerometer, proximity, compass",Li-Po 5000 mAh,"33W wired, 50% in 30 min",,"Glowing Black, Glowing Green",CPH2387,,,About 180 EUR,,,"138,505 hits",
38,Oppo A57s,True,True,True,False,"2022, August 31","Available. Released 2022, September 12",163.8 x 75 x 8 mm (6.45 x 2.95 x 0.31 in),187 g (6.60 oz),"Glass front (Panda Glass), plastic frame, plastic back",Nano-SIM + Nano-SIM,"IP5X (dust), IPX4 (water) resistance","IPS LCD, 480 nits (typ), 600 nits (HBM)","6.56 inches, 103.4 cm2 (~84.2% screen-to-body ratio)","720 x 1612 pixels, 20:9 ratio (~269 ppi density)",Panda Glass,,"Android 12, ColorOS 12.1",Mediatek MT6765G Helio G35 (12 nm),Octa-core (4x2.3 GHz Cortex-A53 & 4x1.8 GHz Cortex-A53),PowerVR GE8320,microSDXC,"64GB 4GB RAM, 128GB 4GB RAM","50 MP, f/1.8, 27mm (wide), PDAF__2 MP, f/2.4, (depth)","LED flash, HDR, panorama",1080p@30fps,"8 MP, f/2.0, 26mm (wide)",Panorama,1080p@30fps,"Yes, with stereo speakers",Yes,"Wi-Fi 802.11 a/b/g/n/ac, dual-band, Wi-Fi Direct","5.3, A2DP, LE, aptX HD","GPS, GLONASS, BDS, GALILEO, QZSS",Yes,No,"USB Type-C 2.0, OTG","Fingerprint (side-mounted), accelerometer, proximity, compass",Li-Po 5000 mAh,"33W wired, 100% in 69 min",,"Starry Black, Sky Blue",CPH2385,,,,,,"528,463 hits",
39,Oppo A57 4G,True,True,True,False,"2022, May 27","Available. Released 2022, June 06",163.7 x 75 x 8 mm (6.44 x 2.95 x 0.31 in),187 g (6.60 oz),"Glass front, plastic frame, plastic back",Nano-SIM + Nano-SIM,"IP5X (dust), IPX4 (water) resistance",IPS LCD,"6.56 inches, 103.4 cm2 (~84.2% screen-to-body ratio)","720 x 1612 pixels, 20:9 ratio (~269 ppi density)",,,"Android 12, upgradable to Android 14, ColorOS 14",Mediatek MT6765G Helio G35 (12 nm),Octa-core (4x2.3 GHz Cortex-A53 & 4x1.8 GHz Cortex-A53),PowerVR GE8320,microSDXC,"64GB 3GB RAM, 64GB 4GB RAM, 128GB 4GB RAM","13 MP, f/2.2, 26mm (wide), 1/3.06"", 1.12µm, AF__2 MP, f/2.4, (depth)","LED flash, HDR, panorama",1080p@30fps,"8 MP, f/2.0, (wide)",HDR,1080p@30fps,Yes,Yes,"Wi-Fi 802.11 a/b/g/n/ac, dual-band, Wi-Fi Direct","5.3, A2DP, LE, aptX HD",GPS,No,Unspecified,"USB Type-C 2.0, OTG","Fingerprint (side-mounted), accelerometer, proximity",Li-Po 5000 mAh,"33W wired, 50% in 30 min",,"Glowing Black, Glowing Green",CPH2387,,,"€ 159.90 / £ 85.00 / ₹ 7,800",,,"1,388,916 hits",
40,Oppo A55s,True,True,True,True,"2022, April 18","Available. Released 2022, April 18",163.9 x 75.7 x 8.4 mm (6.45 x 2.98 x 0.33 in),186 g (6.56 oz),,Nano-SIM + Nano-SIM,,"IPS LCD, 480 nits (peak)","6.5 inches, 102.0 cm2 (~82.2% screen-to-body ratio)","720 x 1600 pixels, 20:9 ratio (~270 ppi density)",,,"Android 11, ColorOS 11.1",Mediatek Dimensity 700 (7 nm),Octa-core (2x2.2 GHz Cortex-A76 & 6x2.0 GHz Cortex-A55),Mali-G57 MC2,microSDXC,"128GB 6GB RAM, 128GB 8GB RAM","13 MP, f/2.2, 25mm (wide), 1/3.06"", 1.12µm, PDAF__2 MP, f/2.4, (macro)__2 MP, f/2.4, (depth)","LED flash, HDR, panorama",1080p@30fps,"8 MP, f/2.0, (wide)",HDR,1080p@30fps,Yes,Yes,"Wi-Fi 802.11 a/b/g/n/ac, dual-band, Wi-Fi Direct","5.1, A2DP, LE, aptX HD","GPS, GLONASS, GALILEO, BDS, QZSS",No,No,"USB Type-C 2.0, OTG","Fingerprint (side-mounted), accelerometer, gyro, proximity, compass",Li-Po 5000 mAh,10W wired,,"Black, Blue, Gold",CPH2309,,,About 160 EUR,,,"213,352 hits",
41,Oppo A57,True,True,True,True,"2022, April 14","Available. Released 2022, April 15",163.8 x 75.1 x 8 mm (6.45 x 2.96 x 0.31 in),186 g (6.56 oz),"Glass front, plastic frame, plastic back",Nano-SIM + Nano-SIM,,"IPS LCD, 90Hz, 480 nits (typ), 600 nits (HBM)","6.56 inches, 103.4 cm2 (~84.0% screen-to-body ratio)","720 x 1612 pixels, 20:9 ratio (~269 ppi density)",,,"Android 12, ColorOS 12.1",Mediatek Dimensity 810 (6 nm),Octa-core (2x2.4 GHz Cortex-A76 & 6x2.0 GHz Cortex-A55),Mali-G57 MC2,microSDXC,"128GB 6GB RAM, 128GB 8GB RAM, 256GB 8GB RAM","13 MP, f/2.2, 26mm (wide), 1/3.06"", 1.12µm, AF__2 MP, f/2.4, (depth)","LED flash, HDR, panorama",1080p@30fps,"8 MP, f/2.0, 26mm (wide)",,1080p@30fps,"Yes, with stereo speakers",Yes,"Wi-Fi 802.11 a/b/g/n/ac, dual-band, Wi-Fi Direct","5.2, A2DP, LE, aptX HD","GPS, GLONASS, GALILEO, BDS, QZSS",No,No,"USB Type-C 2.0, OTG","Fingerprint (side-mounted), accelerometer, gyro, proximity, compass",Li-Po 5000 mAh,10W wired,,"Black, Blue, Lilac",PFTM20,,,About 200 EUR,,,"3,628,672 hits",
42,Oppo A54s,True,True,True,False,"2021, October 27","Available. Released 2021, November 18",163.8 x 75.6 x 8.4 mm (6.45 x 2.98 x 0.33 in),190 g (6.70 oz),,Nano-SIM + Nano-SIM,,"IPS LCD, 480 nits (typ)","6.52 inches, 102.6 cm2 (~82.9% screen-to-body ratio)","720 x 1600 pixels, 20:9 ratio (~269 ppi density)",,,"Android 11, ColorOS 11.1",Mediatek MT6765G Helio G35 (12 nm),Octa-core (4x2.3 GHz Cortex-A53 & 4x1.8 GHz Cortex-A53),PowerVR GE8320,Unspecified,"128GB 4GB RAM, 128GB 8GB RAM","50 MP, f/2.2, 26mm (wide), PDAF__2 MP, f/2.4, (macro)__2 MP, f/2.4, (depth)","LED flash, HDR, panorama",1080p@30fps,"8 MP, f/2.0, 26mm (wide)",HDR,1080p@30fps,Yes,Yes,"Wi-Fi 802.11 a/b/g/n/ac, dual-band, Wi-Fi Direct","5.0, A2DP, LE, aptX","GPS, GLONASS, GALILEO, BDS, QZSS",Yes (market/region dependent),Unspecified,"USB Type-C 2.0, OTG","Fingerprint (side-mounted), accelerometer, proximity, compass",Li-Po 5000 mAh,,,"Pearl Blue, Space Silver, Crystal Black",CPH2273,,,About 170 EUR,,,"861,790 hits",
43,Oppo A56 5G,True,True,True,True,"2021, October 25","Available. Released 2021, November 16",163.8 x 75.6 x 8.4 mm (6.45 x 2.98 x 0.33 in),189.5 g (6.70 oz),,Nano-SIM + Nano-SIM,,"IPS LCD, 480 nits (typ)","6.5 inches, 102.0 cm2 (~82.4% screen-to-body ratio)","720 x 1600 pixels, 20:9 ratio (~270 ppi density)",Panda / Corning Gorilla Glass 3,,"Android 11, ColorOS 11.1",Mediatek Dimensity 700 (7 nm),Octa-core (2x2.2 GHz Cortex-A76 & 6x2.0 GHz Cortex-A55),Mali-G57 MC2,microSDXC,"128GB 4GB RAM, 128GB 6GB RAM","13 MP, f/2.2, 25mm (wide), 1/3.06"", 1.12µm, PDAF__2 MP, f/2.4, (depth)","LED flash, HDR, panorama",1080p@30fps,"8 MP, f/2.0, (wide)",HDR,1080p@30fps,Yes,Yes,"Wi-Fi 802.11 a/b/g/n/ac, dual-band, Wi-Fi Direct","5.1, A2DP, LE, aptX","GPS, GLONASS, GALILEO, BDS, QZSS",No,No,"USB Type-C 2.0, OTG","Fingerprint (side-mounted), accelerometer, proximity, compass",Li-Po 5000 mAh,10W wired,,"Black, Blue, Violet",PFVM10,,,About 220 EUR,,,"464,476 hits",
44,Oppo A55,True,True,True,False,"2021, October 01","Available. Released 2021, October 01",163.6 x 75.7 x 8.4 mm (6.44 x 2.98 x 0.33 in),193 g (6.81 oz),,Nano-SIM + Nano-SIM,Splash-proof,"IPS LCD, 480 nits (typ), 550 nits (peak)","6.51 inches, 102.3 cm2 (~82.6% screen-to-body ratio)","720 x 1600 pixels, 20:9 ratio (~270 ppi density)",NEG T2X-1,,"Android 11, ColorOS 11.1",Mediatek MT6765G Helio G35 (12 nm),Octa-core (4x2.3 GHz Cortex-A53 & 4x1.8 GHz Cortex-A53),PowerVR GE8320,microSDXC (dedicated slot),"64GB 4GB RAM, 128GB 4GB RAM, 128GB 6GB RAM","50 MP, f/1.8 26mm (wide), PDAF__2 MP, f/2.4, (macro)__2 MP, f/2.4, (depth)","LED flash, HDR, panorama",1080p@30fps,"16 MP, f/2.0, 26mm (wide)",HDR,1080p@30fps,Yes,Yes,"Wi-Fi 802.11 a/b/g/n/ac, dual-band, Wi-Fi Direct","5.0, A2DP, LE, aptX","GPS, GLONASS, GALILEO, BDS, QZSS",Yes (market/region dependent),No,"USB Type-C 2.0, OTG","Fingerprint (side-mounted), accelerometer, proximity, compass",Li-Po 5000 mAh,18W wired,,"Rainbow Blue, Starry Black, Green",CPH2325,,,"£ 110.10 / ₹ 5,999",,,"2,130,738 hits",
45,Oppo A53s 5G,True,True,True,True,"2021, April 27","Available. Released 2021, May 07",164 x 75.7 x 8.4 mm (6.46 x 2.98 x 0.33 in),189.6 g (6.70 oz),,Nano-SIM + Nano-SIM,,"IPS LCD, 480 nits (typ)","6.52 inches, 102.6 cm2 (~82.7% screen-to-body ratio)","720 x 1600 pixels, 20:9 ratio (~269 ppi density)",,,"Android 11, ColorOS 11.1",Mediatek Dimensity 700 (7 nm),Octa-core (2x2.2 GHz Cortex-A76 & 6x2.0 GHz Cortex-A55),Mali-G57 MC2,microSDXC (dedicated slot),"128GB 6GB RAM, 128GB 8GB RAM","13 MP, f/2.2, 25mm (wide), 1/3.06"", 1.12µm, PDAF__2 MP, f/2.4, (macro)__2 MP, f/2.4, (depth)","LED flash, HDR, panorama",1080p@30fps,"8 MP, f/2.0, 26mm (wide)",HDR,1080p@30fps,Yes,Yes,"Wi-Fi 802.11 a/b/g/n/ac, dual-band, Wi-Fi Direct","5.0, A2DP, LE, aptX HD","GPS, GLONASS, GALILEO, BDS, QZSS",No,No,"USB Type-C 2.0, OTG","Fingerprint (side-mounted), accelerometer, gyro, proximity, compass",Li-Po 5000 mAh,10W wired,,"Crystal Blue, Ink Black",CPH2321,,,About 170 EUR,,,"708,156 hits",
46,Oppo A54 5G,True,True,True,True,"2021, April 14","Available. Released 2021, April 14",162.9 x 74.7 x 8.4 mm (6.41 x 2.94 x 0.33 in),190 g (6.70 oz),,Nano-SIMNano-SIM + Nano-SIM,,"IPS LCD, 90Hz, 480 nits (typ)","6.5 inches, 102.0 cm2 (~83.8% screen-to-body ratio)","1080 x 2400 pixels, 20:9 ratio (~405 ppi density)",,,"Android 11, ColorOS 11.1",Qualcomm SM4350 Snapdragon 480 5G (8 nm),Octa-core (2x2.0 GHz Kryo 460 & 6x1.8 GHz Kryo 460),Adreno 619,microSDXC,"64GB 4GB RAM, 128GB 4GB RAM","48 MP, f/1.7, 26mm (wide), 1/2.0"", 0.8µm, PDAF__8 MP, f/2.2, 119˚ (ultrawide), 1/4.0"", 1.12µm__2 MP, f/2.4, (macro)__2 MP, f/2.4, (depth)","LED flash, panorama","1080p@30fps, gyro-EIS","16 MP, f/2.0, 26mm (wide)",Panorama,1080p@30fps,Yes,Yes,"Wi-Fi 802.11 a/b/g/n/ac, dual-band, Wi-Fi Direct","5.1, A2DP, LE, aptX HD","GPS, GLONASS, BDS, QZSS",Yes (market/region dependent),No,"USB Type-C 2.0, OTG","Fingerprint (side-mounted), accelerometer, gyro, proximity, compass",Li-Po 5000 mAh,10W wired,,"Fluid Black, Fantastic Purple, Space Silver","CPH2195, OPG02",,,About 120 EUR,,,"812,352 hits",
47,Oppo A54,True,True,True,False,"2021, March 26","Available. Released 2021, April 01",163.6 x 75.7 x 8.4 mm (6.44 x 2.98 x 0.33 in),192 g (6.77 oz),,Nano-SIM + Nano-SIM,,IPS LCD,"6.51 inches, 102.3 cm2 (~82.6% screen-to-body ratio)","720 x 1600 pixels, 20:9 ratio (~270 ppi density)",,,"Android 10, ColorOS 7.2",Mediatek MT6765 Helio P35 (12 nm),Octa-core (4x2.35 GHz Cortex-A53 & 4x1.8 GHz Cortex-A53),PowerVR GE8320,microSDXC (dedicated slot),"64GB 4GB RAM, 128GB 4GB RAM, 128GB 6GB RAM","13 MP, f/2.2, 25mm (wide), 1/3.06"", 1.12µm, PDAF__2 MP, f/2.4, (macro)__2 MP, f/2.4, (depth)","LED flash, HDR, panorama",1080p@30fps,"16 MP, f/2.0, (wide), 1/3.06"", 1.0µm",HDR,1080p@30fps,Yes,Yes,"Wi-Fi 802.11 a/b/g/n/ac, dual-band, Wi-Fi Direct","5.0, A2DP, LE, aptX HD","GPS, GLONASS, GALILEO, BDS",No,FM radio,"USB Type-C 2.0, OTG","Fingerprint (side-mounted), accelerometer, proximity, compass",Li-Po 5000 mAh,18W wired,,"Crystal Black, Starry Blue",CPH2239,,,"₹ 8,939",,,"4,859,405 hits",
48,Oppo A55 5G,True,True,True,True,"2021, January 25","Available. Released 2021, January 25",163.9 x 75.7 x 8.4 mm (6.45 x 2.98 x 0.33 in),186 g (6.56 oz),,Nano-SIM + Nano-SIM,,"IPS LCD, 480 nits (peak)","6.5 inches, 102.0 cm2 (~82.2% screen-to-body ratio)","720 x 1600 pixels, 20:9 ratio (~270 ppi density)",,,"Android 11, ColorOS 11.1",Mediatek Dimensity 700 (7 nm),Octa-core (2x2.2 GHz Cortex-A76 & 6x2.0 GHz Cortex-A55),Mali-G57 MC2,microSDXC,"128GB 4GB RAM, 128GB 6GB RAM, 128GB 8GB RAM","13 MP, f/2.2, 25mm (wide), 1/3.06"", 1.12µm, PDAF__2 MP, f/2.4, (macro)__2 MP, f/2.4, (depth)","LED flash, HDR, panorama",1080p@30fps,"8 MP, f/2.0, (wide)",HDR,1080p@30fps,Yes,Yes,"Wi-Fi 802.11 a/b/g/n/ac, dual-band, Wi-Fi Direct","5.1, A2DP, LE, aptX HD","GPS, GLONASS, GALILEO, BDS, QZSS",No,No,"USB Type-C 2.0, OTG","Fingerprint (side-mounted), accelerometer, gyro, proximity, compass",Li-Po 5000 mAh,10W wired,,"Black, Blue, Gold","PEMM00, PEMM20, PEMT00, PEMT20",,,About 200 EUR,,,"605,997 hits",
49,Oppo A53 5G,True,True,True,True,"2020, December 18","Available. Released 2020, December 21",162.2 x 75 x 7.9 mm (6.39 x 2.95 x 0.31 in),175 g (6.17 oz),,Nano-SIM + Nano-SIM,,"IPS LCD, 90Hz, 480 nits (typ)","6.5 inches, 102.0 cm2 (~83.9% screen-to-body ratio)","1080 x 2400 pixels, 20:9 ratio (~405 ppi density)",,,"Android 10, ColorOS 7.2",Mediatek Dimensity 720 (7 nm),Octa-core (2x2.0 GHz Cortex-A76 & 6x2.0 GHz Cortex-A55),Mali-G57 MC3,No,"128GB 4GB RAM, 128GB 6GB RAM, 128GB 8GB RAM","16 MP, f/2.2, (wide), PDAF__2 MP, f/2.4, (macro)__2 MP, f/2.4, (depth)","LED flash, HDR, panorama","4K@30fps, 1080p@30/120fps, gyro-EIS","8 MP, f/2.0, (wide)",HDR,1080p@30fps,Yes,Yes,"Wi-Fi 802.11 a/b/g/n/ac, dual-band, Wi-Fi Direct","5.1, A2DP, LE, aptX HD","GPS, GLONASS, GALILEO, BDS",No,FM radio,"USB Type-C 2.0, OTG","Fingerprint (side-mounted), accelerometer, gyro, proximity, compass",Li-Po 4040 mAh,10W wired,,"Black, Green, Purple","PECM30, PECT30",,,About 160 EUR,,,"406,409 hits",
50,Oppo A53s,True,True,True,False,"2020, October 12","Available. Released 2020, October 17",163.9 x 75.1 x 8.4 mm (6.45 x 2.96 x 0.33 in),186 g (6.56 oz),,Nano-SIM + Nano-SIM,,"IPS LCD, 90Hz, 480 nits (typ)","6.5 inches, 102.0 cm2 (~82.9% screen-to-body ratio)","720 x 1600 pixels, 20:9 ratio (~270 ppi density)",Corning Gorilla Glass 3,,"Android 10, ColorOS 7.2",Qualcomm SM4250 Snapdragon 460 (11 nm),Octa-core (4x1.8 GHz Kryo 240 & 4x1.6 GHz Kryo 240),Adreno 610,microSDXC (dedicated slot),"64GB 4GB RAM, 128GB 4GB RAM","13 MP, f/2.2, 25mm (wide), 1/3.06"", 1.12µm, PDAF__2 MP, f/2.4, (macro)__2 MP, f/2.4, (depth)","LED flash, HDR, panorama",1080p@30fps,"8 MP, f/2.0, (wide)",HDR,1080p@30fps,"Yes, with stereo speakers",Yes,"Wi-Fi 802.11 a/b/g/n/ac, dual-band, Wi-Fi Direct","5.0, A2DP, LE, aptX HD","GPS, GLONASS, GALILEO, BDS",Yes (market/region dependent),FM radio,"USB Type-C 2.0, OTG","Fingerprint (rear-mounted), accelerometer, proximity, compass",Li-Po 5000 mAh,18W wired,,"Electric Black, Fancy Blue","CPH2139, CPH2135",0.77 W/kg (head) 0.97 W/kg (body) ,,About 110 EUR,,,"653,433 hits",
51,Oppo A53,True,True,True,False,"2020, August 20","Available. Released 2020, August 25",163.9 x 75.1 x 8.4 mm (6.45 x 2.96 x 0.33 in),186 g (6.56 oz),,Nano-SIM + Nano-SIM,,"IPS LCD, 90Hz","6.5 inches, 102.0 cm2 (~82.9% screen-to-body ratio)","720 x 1600 pixels, 20:9 ratio (~270 ppi density)",Corning Gorilla Glass 3,,"Android 10, upgradable to Android 11",Qualcomm SM4250 Snapdragon 460 (11 nm),Octa-core (4x1.8 GHz Kryo 240 & 4x1.6 GHz Kryo 240),Adreno 610,microSDXC (dedicated slot),"64GB 4GB RAM, 128GB 4GB RAM, 128GB 6GB RAM","13 MP, f/2.2, 25mm (wide), 1/3.06"", 1.12µm, PDAF__2 MP, f/2.4, (macro)__2 MP, f/2.4, (depth)","LED flash, HDR, panorama",1080p@30fps,"16 MP, f/2.0, (wide), 1/3.06"", 1.0µm",HDR,1080p@30fps,"Yes, with stereo speakers",Yes,"Wi-Fi 802.11 a/b/g/n/ac, dual-band, Wi-Fi Direct","5.0, A2DP, LE, aptX HD","GPS, GLONASS, GALILEO, BDS",No,FM radio,"USB Type-C 2.0, OTG","Fingerprint (rear-mounted), accelerometer, proximity, compass",Li-Po 5000 mAh,18W wired,,"Fairy White, Electric Black, Fancy Blue","CPH2127, CPH2131",0.77 W/kg (head) 0.97 W/kg (body) ,,€ 169.99 / £ 93.49,,,"6,003,780 hits",
52,Oppo A52,True,True,True,False,"2020, April 20","Available. Released 2020, April 20",162 x 75.5 x 8.9 mm (6.38 x 2.97 x 0.35 in),192 g (6.77 oz),,Nano-SIM + Nano-SIM,,"IPS LCD, 480 nits (typ)","6.5 inches, 102.0 cm2 (~83.4% screen-to-body ratio)","1080 x 2400 pixels, 20:9 ratio (~405 ppi density)",,,"Android 10, ColorOS 7.1",Qualcomm SM6125 Snapdragon 665 (11 nm),Octa-core (4x2.0 GHz Kryo 260 Gold & 4x1.8 GHz Kryo 260 Silver),Adreno 610,microSDXC (uses shared SIM slot),"64GB 4GB RAM, 128GB 4GB RAM, 128GB 6GB RAM, 128GB 8GB RAM","12 MP, f/1.7, (wide), 1/2.8"", 1.25µm, PDAF__8 MP, f/2.2, 119˚ (ultrawide), 1/4.0"", 1.12µm__2 MP, f/2.4, (macro)__2 MP, f/2.4, (depth)","LED flash, HDR, panorama","4K@30fps, 1080p@30/60/120fps, gyro-EIS","16 MP, f/2.0, (wide), 1/3.06"", 1.0µm - Global__or__8 MP, f/2.0, (wide) - China only",HDR,1080p@30fps,"Yes, with stereo speakers",Yes,"Wi-Fi 802.11 a/b/g/n/ac, dual-band, Wi-Fi Direct","5.0, A2DP, LE","GPS, GLONASS, GALILEO, BDS",No,FM radio,"USB Type-C 2.0, OTG","Fingerprint (side-mounted), accelerometer, proximity, compass",Li-Po 5000 mAh,18W wired,,"Twilight Black, Stream White","CPH2061, CPH2069, PADM00, PDAM10",,,About 240 EUR,,,"2,605,472 hits",
53,Oppo A5 (2020),True,True,True,False,"2019, September 21","Available. Released 2019, October",163.6 x 75.4 x 9.1 mm (6.44 x 2.97 x 0.36 in),195 g (6.88 oz),"Glass front (Gorilla Glass 3), plastic back, plastic frame",Nano-SIM + Nano-SIM,,"IPS LCD, 480 nits (typ)","6.5 inches, 102.0 cm2 (~82.7% screen-to-body ratio)","720 x 1600 pixels, 20:9 ratio (~270 ppi density)",Corning Gorilla Glass 3,,"Android 9.0 (Pie), ColorOS 6.1",Qualcomm SDM665 Snapdragon 665 (11 nm),Octa-core (4x2.0 GHz Kryo 260 Gold & 4x1.8 GHz Kryo 260 Silver),Adreno 610,microSDXC (dedicated slot),"32GB 4GB RAM, 64GB 3GB RAM, 64GB 4GB RAM, 128GB 4GB RAM","12 MP, f/1.8, 26mm (wide), 1/2.8"", 1.25µm, PDAF__8 MP, 119˚ (ultrawide), 1/4.0"", 1.12µm__2 MP, f/2.4, (depth) __2 MP, f/2.4, (depth)","LED flash, HDR, panorama","4K@30fps, 1080p@30fps, gyro-EIS","8 MP, f/2.0, 26mm (wide), 1/3.1"", 1.0µm",HDR,1080p@30fps,"Yes, with stereo speakers",Yes,"Wi-Fi 802.11 a/b/g/n/ac, dual-band, Wi-Fi Direct","5.0, A2DP, LE","GPS, GLONASS, GALILEO, BDS",Yes (market dependent),FM radio,"USB Type-C 2.0, OTG","Fingerprint (rear-mounted), accelerometer, gyro, proximity, compass","Li-Po 5000 mAh, non-removable",Reverse wired,,"Mirror Black, Dazzling White","CPH1931, CPH1959, CPH1933, CPH1935, CPH1943",,,About 170 EUR,,,"7,083,643 hits",
54,Oppo A5s (AX5s),True,True,True,False,"2019, March 18","Available. Released 2019, April",155.9 x 75.4 x 8.2 mm (6.14 x 2.97 x 0.32 in),170 g (6.00 oz),"Glass front (Gorilla Glass 3), plastic back, plastic frame",Nano-SIM + Nano-SIM,,S-IPS LCD,"6.2 inches, 95.9 cm2 (~81.6% screen-to-body ratio)","720 x 1520 pixels, 19:9 ratio (~271 ppi density)",Corning Gorilla Glass 3,,"Android 8.1 (Oreo), ColorOS 5.2",Mediatek MT6765 Helio P35 (12 nm),Octa-core (4x2.3 GHz Cortex-A53 & 4x1.8 GHz Cortex-A53),PowerVR GE8320,microSDXC (dedicated slot),"32GB 2GB RAM, 32GB 3GB RAM, 64GB 3GB RAM, 64GB 4GB RAM","13 MP, f/2.2, AF__2 MP, f/2.4, (depth)","LED flash, HDR, panorama",1080p@30fps,"8 MP, f/2.0",HDR,1080p@30fps,Yes,Yes,"Wi-Fi 802.11 b/g/n, Wi-Fi Direct","4.2, A2DP, LE","GPS, GLONASS, GALILEO, BDS",No,FM radio,"microUSB 2.0, OTG","Fingerprint (rear-mounted), accelerometer, proximity, compass","Li-Ion 4230 mAh, non-removable",,,"Red, Black, Gold, Green","CPH1909, CPH1920, CPH1912",,,,,,"6,554,448 hits",
55,Oppo A5 (AX5),True,True,True,False,"2018, July","Available. Released 2018, July",156.2 x 75.6 x 8.2 mm (6.15 x 2.98 x 0.32 in),168 g (5.93 oz),"Glass front (Gorilla Glass 3), plastic back, plastic frame",Nano-SIM + Nano-SIM,,IPS LCD,"6.2 inches, 95.9 cm2 (~81.2% screen-to-body ratio)","720 x 1520 pixels, 19:9 ratio (~271 ppi density)",Corning Gorilla Glass 3,,"Android 8.1 (Oreo), ColorOS 5.1",Qualcomm SDM450 Snapdragon 450 (14 nm),Octa-core 1.8 GHz Cortex-A53,Adreno 506,microSDXC (dedicated slot),"32GB 3GB RAM, 32GB 4GB RAM, 64GB 3GB RAM, 64GB 4GB RAM","13 MP, f/2.2, AF__2 MP, f/2.4, (depth)","LED flash, HDR, panorama",1080p@30fps,"8 MP, f/2.2",,1080p@30fps,Yes,Yes,"Wi-Fi 802.11 b/g/n, Wi-Fi Direct","4.2, A2DP, LE","GPS, GLONASS",No,FM radio,"microUSB 2.0, OTG","Accelerometer, proximity, compassFingerprint (rear-mounted), accelerometer, proximity, compass - India only","Li-Ion 4230 mAh, non-removable",,,"Blue, Pink, Red","CPH1809, CPH1851, PBAM00, PBAT00, PBBM30",,,About 230 EUR,,,"2,410,243 hits",
56,Oppo A57 (2016),True,True,True,False,"2016, November. Released 2016, December",Discontinued,149.1 x 72.9 x 7.7 mm (5.87 x 2.87 x 0.30 in),147 g (5.19 oz),"Glass front (Gorilla Glass 4), aluminum back, aluminum frame",Nano-SIMNano-SIM + Nano-SIM,,IPS LCD,"5.2 inches, 74.5 cm2 (~68.6% screen-to-body ratio)","720 x 1280 pixels, 16:9 ratio (~282 ppi density)",Corning Gorilla Glass 4,,"Android 6 (Marshmallow), ColorOS 3",Qualcomm MSM8940 Snapdragon 435 (28 nm),Octa-core 1.4 GHz Cortex-A53,Adreno 505,microSDXC (dedicated slot),32GB 3GB RAM,"13 MP, f/2.2, PDAF","LED flash, HDR, panorama",1080p@30fps,"16 MP, f/2.0, 26mm (wide), 1/3.06"", 1.0µm",,1080p@30fps,Yes,Yes,Wi-Fi 802.11 b/g/n,"4.1, A2DP",GPS,No,FM radio,"microUSB 2.0, OTG","Fingerprint (front-mounted), accelerometer, proximity, compass","Li-Ion 2900 mAh, non-removable",,,"Black, Gold, Rose Gold","CPH1701, A57",,,About 200 EUR,,,"10,131,081 hits",
57,Oppo A59 (2016),True,True,True,False,"2016, June. Released 2016, June",Discontinued,154.5 x 76 x 7.4 mm (6.08 x 2.99 x 0.29 in),160 g (5.64 oz),,Hybrid Dual SIM,,IPS LCD,"5.5 inches, 83.4 cm2 (~71.0% screen-to-body ratio)","720 x 1280 pixels, 16:9 ratio (~267 ppi density)",,,"Android 5.1 (Lollipop), ColorOS 3",Mediatek MT6750 (28 nm),Octa-core (4x1.5 GHz Cortex-A53 & 4x1.0 GHz Cortex-A53),Mali-T860MP2,microSDXC (uses shared SIM slot),32GB 3GB RAM,"13 MP, f/2.0, PDAF","LED flash, HDR, panorama",1080p@30fps,"8 MP, f/2.2, 1/3.2"", 1.4µm",,1080p@30fps,Yes,Yes,"Wi-Fi 802.11 a/b/g/n, hotspot","4.1, A2DP",GPS,No,FM radio,"microUSB 2.0, OTG","Fingerprint (front-mounted), accelerometer, proximity, compass","Li-Ion 3075 mAh, non-removable",,,"Gold, Rose Gold",,,,About 290 EUR,,,"1,661,468 hits",
58,Oppo A53 (2015),True,True,True,False,"2015, November. Released 2015, December",Discontinued,153 x 77 x 7.4 mm (6.02 x 3.03 x 0.29 in),165 g (5.82 oz),,Nano-SIM + Micro-SIM,,IPS LCD,"5.5 inches, 83.4 cm2 (~70.8% screen-to-body ratio)","720 x 1280 pixels, 16:9 ratio (~267 ppi density)",,,"Android 5.1 (Lollipop), ColorOS 2.1",Qualcomm MSM8939v2 Snapdragon 616 (28 nm),Octa-core (4x1.5 GHz Cortex-A53 & 4x1.0 GHz Cortex-A53),Adreno 405,microSDXC (uses shared SIM slot),16GB 2GB RAM,"13 MP, AF","LED flash, HDR, panorama",1080p@30fps,5 MP,,,Yes,Yes,Wi-Fi 802.11 b/g/n,"4.0, A2DP",GPS,Yes,FM radio,"microUSB 2.0, OTG","Accelerometer, proximity, compass","Li-Ion 3075 mAh, non-removable",,,White/Gold,,,,About 200 EUR,,,"1,048,117 hits",
59,Samsung Galaxy A30,True,True,True,False,"2019, February 25","Available. Released 2019, March",158.5 x 74.7 x 7.7 mm (6.24 x 2.94 x 0.30 in),165 g (5.82 oz),"Glass front (Gorilla Glass 3), plastic back, plastic frame",Nano-SIMNano-SIM + Nano-SIM,,Super AMOLED,"6.4 inches, 100.5 cm2 (~84.9% screen-to-body ratio)","1080 x 2340 pixels, 19.5:9 ratio (~403 ppi density)",Corning Gorilla Glass 3,,"Android 9.0 (Pie), upgradable to Android 11",Exynos 7904 (14 nm),Octa-core (2x1.8 GHz Cortex-A73 & 6x1.6 GHz Cortex-A53),Mali-G71 MP2,microSDXC (dedicated slot),"32GB 3GB RAM, 64GB 3GB RAM, 64GB 4GB RAM","16 MP, f/1.7, 27mm (wide), PDAF__5 MP, f/2.2, 12mm, (ultrawide)","LED flash, panorama, HDR",1080p@30fps,"16 MP, f/2.0, 26mm (wide), 1/3.06"", 1.0µm",,1080p@30fps,Yes,Yes,"Wi-Fi 802.11 a/b/g/n/ac, dual-band, Wi-Fi Direct","5.0, A2DP, LE","GPS, GLONASS, GALILEO, BDS",No,FM radio,"USB Type-C 2.0, OTG","Fingerprint (rear-mounted), accelerometer, gyro, proximity, compass","Li-Po 4000 mAh, non-removable",15W wired,,"Black, Blue, Red, White","SM-A305F, SM-A305FN, SM-A305G, SM-A305GN, SM-A305YN, SM-A3050, SM-A305N, SM-A305GT",0.32 W/kg (head) 0.40 W/kg (body) ,0.25 W/kg (head) 1.17 W/kg (body) ,About 110 EUR,__AnTuTu: 96550 (v7)__GeekBench: 4146 (v4.4)__GFXBench: 4.6fps (ES 3.1 onscreen),Endurance rating 92h,"12,293,012 hits",3.3
60,Xiaomi Redmi 8A,True,True,True,False,"2019, September 25","Available. Released 2019, September 30",156.5 x 75.4 x 9.4 mm (6.16 x 2.97 x 0.37 in),188 g (6.63 oz),"Glass front (Gorilla Glass 5), plastic back, plastic frame",Nano-SIM + Nano-SIM,Water-repellent coating,"IPS LCD, 400 nits (typ)","6.22 inches, 96.6 cm2 (~81.8% screen-to-body ratio)","720 x 1520 pixels, 19:9 ratio (~270 ppi density)",Corning Gorilla Glass 5,,"Android 9.0 (Pie), upgradable to Android 10, MIUI 12",Qualcomm SDM439 Snapdragon 439 (12 nm),Octa-core (4x1.95 GHz Cortex-A53 & 4x1.45 GHz Cortex A53),Adreno 505,microSDXC (dedicated slot),"32GB 2GB RAM, 32GB 3GB RAM, 64GB 4GB RAM","12 MP, f/1.8, (wide), 1/2.55"", 1.4µm, dual pixel PDAF","LED flash, HDR, panorama",1080p@30fps,"8 MP, f/2.0, 1/4.0"", 1.12µm",HDR,1080p@30fps,Yes,Yes,"Wi-Fi 802.11 b/g/n, Wi-Fi Direct","4.2, A2DP, LE","GPS, GLONASS, BDS",No,"FM Radio, built-in antenna","USB Type-C 2.0, OTG","Accelerometer, proximity, compass","Li-Po 5000 mAh, non-removable",18W wired,,"Midnight Black, Ocean Blue, Sunset Red","MZB8458IN, M1908C3KG, M1908C3KH",0.48 W/kg (head) 1.07 W/kg (body) ,0.23 W/kg (head) 1.48 W/kg (body) ,About 120 EUR,__AnTuTu: 89901 (v8)__GeekBench: 3030 (v4.4)__GFXBench: 7fps (ES 3.1 onscreen),,"3,618,181 hits",
61,Xiaomi Redmi 8,True,True,True,False,"2019, October 09","Available. Released 2019, October 12",156.5 x 75.4 x 9.4 mm (6.16 x 2.97 x 0.37 in),188 g (6.63 oz),"Glass front (Gorilla Glass 5), plastic back, plastic frame",Nano-SIM + Nano-SIM,Water-repellent coating,"IPS LCD, 400 nits (typ)","6.22 inches, 96.6 cm2 (~81.8% screen-to-body ratio)","720 x 1520 pixels, 19:9 ratio (~270 ppi density)",Corning Gorilla Glass 5,,"Android 9.0 (Pie), upgradable to Android 10, MIUI 12",Qualcomm SDM439 Snapdragon 439 (12 nm),Octa-core (4x1.95 GHz Cortex-A53 & 4x1.45 GHz Cortex A53),Adreno 505,microSDXC (dedicated slot),"32GB 3GB RAM, 64GB 4GB RAM","12 MP, f/1.8, 1/2.55"", 1.4µm, dual pixel PDAF__2 MP, (depth)","LED flash, HDR, panorama",1080p@30fps,"8 MP, f/2.0, 1/4.0"", 1.12µm",HDR,1080p@30fps,Yes,Yes,"Wi-Fi 802.11 b/g/n, Wi-Fi Direct","4.2, A2DP, LE","GPS, GLONASS, GALILEO, BDS",No,Wireless FM radio (no wired headphones required),"USB Type-C 2.0, OTG","Fingerprint (rear-mounted), accelerometer, proximity, compass","Li-Po 5000 mAh, non-removable",18W wired,,"Onyx Black, Ruby Red, Sapphire Blue, Phantom Red","M1908C3IC, MZB8255IN, M1908C3IG, M1908C3IH",0.34 W/kg (head) 1.00 W/kg (body) ,0.23 W/kg (head) 1.48 W/kg (body) ,About 210 EUR,,,"7,261,065 hits",
62,Samsung Galaxy J4+,True,True,True,False,"2018, September","Available. Released 2018, October",161.4 x 76.9 x 7.9 mm (6.35 x 3.03 x 0.31 in),178 g (6.28 oz),"Glass front, plastic back, plastic frame",Nano-SIM + Nano-SIM,,IPS LCD,"6.0 inches, 91.4 cm2 (~73.6% screen-to-body ratio)","720 x 1480 pixels, 18.5:9 ratio (~274 ppi density)",,,Android 8.1 (Oreo),Qualcomm MSM8917 Snapdragon 425 (28 nm),Quad-core 1.4 GHz Cortex-A53,Adreno 308,microSDXC (dedicated slot),"16GB 2GB RAM, 32GB 2GB RAM, 32GB 3GB RAM","13 MP, f/1.9, 28mm (wide), AF","LED flash, panorama, HDR",1080p@30fps,"5 MP, f/2.2",LED flash,,Yes,Yes,"Wi-Fi 802.11 b/g/n, Wi-Fi Direct","4.2, A2DP, LE","GPS, GLONASS, BDS",Yes (market dependent),"Stereo FM radio, recording","microUSB 2.0, OTG","Fingerprint (side-mounted), accelerometer, gyro, proximity, compass - North AmericaAccelerometer, proximity - other markets","Li-Ion 3300 mAh, non-removable",,,"Black, Gold, Pink, Blue","SM-J415F, SM-J415FN, SM-J415G, SM-J415GN, SM-J415N",0.55 W/kg (head) 0.41 W/kg (body) ,0.32 W/kg (head) 1.46 W/kg (body) ,About 220 EUR,,,"5,447,051 hits",
63,Samsung Galaxy J6+,True,True,True,False,"2018, September","Available. Released 2018, October",161.4 x 76.9 x 7.9 mm (6.35 x 3.03 x 0.31 in),178 g (6.28 oz),"Glass front, plastic back, plastic frame",Nano-SIMNano-SIM + Nano-SIM,,IPS LCD,"6.0 inches, 91.4 cm2 (~73.6% screen-to-body ratio)","720 x 1480 pixels, 18.5:9 ratio (~274 ppi density)",,,"Android 8.1 (Oreo), upgradable to Android 10, One UI 2",Qualcomm MSM8917 Snapdragon 425 (28 nm),Quad-core 1.4 GHz Cortex-A53,Adreno 308,microSDXC (dedicated slot),"32GB 3GB RAM, 64GB 4GB RAM","13 MP, f/1.9, 28mm (wide), AF__5 MP, f/1.9, (depth)","LED flash, panorama, HDR",1080p@30fps,"8 MP, f/1.9",LED flash,1080p@30fps,Yes,Yes,"Wi-Fi 802.11 b/g/n, Wi-Fi Direct","4.2, A2DP, LE","GPS, GLONASS, BDS",Yes (market dependent),"Stereo FM radio, recording","microUSB 2.0, OTG","Fingerprint (side-mounted), accelerometer, gyro, proximity, compass","Li-Ion 3300 mAh, non-removable",,,"Black, Gray, Red, Blue","SM-J610F, SM-J610F, SM-J610G, SM-J610FN",,0.31 W/kg (head) 1.33 W/kg (body) ,About 200 EUR,,,"6,542,738 hits",
64,Samsung Galaxy S24 Ultra,True,True,True,True,"2024, January 17","Available. Released 2024, January 24",162.3 x 79 x 8.6 mm (6.39 x 3.11 x 0.34 in),232 g or 233 g (8.18 oz),"Glass front (Corning Gorilla Armor), glass back (Corning Gorilla Armor), titanium frame (grade 2)",Nano-SIM + eSIMNano-SIM + Nano-SIMNano-SIM + Nano-SIM + eSIM + eSIM (max 2 at a time),"IP68 dust/water resistant (up to 1.5m for 30 min)__Stylus (Bluetooth integration, accelerometer, gyro)","Dynamic LTPO AMOLED 2X, 120Hz, HDR10+, 2600 nits (peak)","6.8 inches, 113.5 cm2 (~88.5% screen-to-body ratio)","1440 x 3120 pixels, 19.5:9 ratio (~505 ppi density)",Corning Gorilla Armor,Always-on display,"Android 14, up to 7 major Android upgrades, One UI 6.1.1",Qualcomm SM8650-AC Snapdragon 8 Gen 3 (4 nm),8-core (1x3.39GHz Cortex-X4 & 3x3.1GHz Cortex-A720 & 2x2.9GHz Cortex-A720 & 2x2.2GHz Cortex-A520),Adreno 750 (1 GHz),No,"256GB 12GB RAM, 512GB 12GB RAM, 1TB 12GB RAM","200 MP, f/1.7, 24mm (wide), 1/1.3"", 0.6µm, multi-directional PDAF, OIS__10 MP, f/2.4, 67mm (telephoto), 1/3.52"", 1.12µm, PDAF, OIS, 3x optical zoom__50 MP, f/3.4, 111mm (periscope telephoto), 1/2.52"", 0.7µm, PDAF, OIS, 5x optical zoom__12 MP, f/2.2, 13mm, 120˚ (ultrawide), 1/2.55"", 1.4µm, dual pixel PDAF, Super Steady video","Laser AF, LED flash, auto-HDR, panorama","8K@24/30fps, 4K@30/60/120fps, 1080p@30/60/240fps, HDR10+, stereo sound rec., gyro-EIS","12 MP, f/2.2, 26mm (wide), 1/3.2"", 1.12µm, dual pixel PDAF","HDR, HDR10+","4K@30/60fps, 1080p@30fps","Yes, with stereo speakers",No,"Wi-Fi 802.11 a/b/g/n/ac/6e/7, tri-band, Wi-Fi Direct","5.3, A2DP, LE","GPS, GLONASS, BDS, GALILEO, QZSS",Yes,No,"USB Type-C 3.2, DisplayPort 1.2, OTG","Fingerprint (under display, ultrasonic), accelerometer, gyro, proximity, compass, barometer",Li-Ion 5000 mAh,"45W wired, PD3.0, 65% in 30 min__15W wireless (Qi/PMA)__4.5W reverse wireless",,"Titanium Black, Titanium Gray, Titanium Violet, Titanium Yellow, Titanium Blue, Titanium Green, Titanium Orange","SM-S928B, SM-S928B/DS, SM-S928U, SM-S928U1, SM-S928W, SM-S928N, SM-S9280, SM-S928E, SM-S928E/DS",1.26 W/kg (head) 0.62 W/kg (body) ,1.06 W/kg (head) 1.30 W/kg (body) ,"€ 924.64 / $ 775.00 / £ 739.00 / ₹ 99,000","__AnTuTu: 1453497 (v9), 1823822 __(v10)__GeekBench: 7076 (v6)__3DMark: 4983 (Wild Life Extreme)",,"11,855,453 hits",4.6
65,Samsung Galaxy A10s,True,True,True,False,"2019, August 12","Available. Released 2019, August 27",156.9 x 75.8 x 7.8 mm (6.18 x 2.98 x 0.31 in),168 g (5.93 oz),"Glass front, plastic back, plastic frame",Nano-SIMNano-SIM + Nano-SIM,,PLS LCD,"6.2 inches, 95.9 cm2 (~80.7% screen-to-body ratio)","720 x 1520 pixels, 19:9 ratio (~271 ppi density)",,,"Android 9.0 (Pie), upgradable to Android 11, One UI 3.1",Mediatek MT6762 Helio P22 (12 nm),Octa-core 2.0 GHz Cortex-A53,PowerVR GE8320,microSDXC (dedicated slot),"32GB 2GB RAM, 32GB 3GB RAM","13 MP, f/1.8, 28mm (wide), AF__2 MP, f/2.4, (depth)_","LED flash, panorama, HDR",1080p@30fps,"8 MP, f/2.0",,1080p@30fps,Yes,Yes,"Wi-Fi 802.11 b/g/n, Wi-Fi Direct","4.2, A2DP, LE","GPS, GLONASS, GALILEO",No,FM radio,"microUSB 2.0, OTG","Fingerprint (rear-mounted), accelerometer, proximity","Li-Po 4000 mAh, non-removable",,,"Blue, Green, Red, Black","SM-A107F, SM-A107M",0.25 W/kg (head) 1.06 W/kg (body) ,,About 180 EUR,,,"7,012,730 hits",
66,Samsung Galaxy A30s,True,True,True,False,"2019, August 22","Available. Released 2019, September 11",158.5 x 74.7 x 7.8 mm (6.24 x 2.94 x 0.31 in),169 g (5.96 oz),"Glass front, plastic back, plastic frame",Nano-SIMNano-SIM + Nano-SIM,,Super AMOLED,"6.4 inches, 100.5 cm2 (~84.9% screen-to-body ratio)","720 x 1560 pixels, 19.5:9 ratio (~268 ppi density)",,,"Android 9.0 (Pie), upgradable to Android 11, One UI 3.1",Exynos 7904 (14 nm),Octa-core (2x1.8 GHz Cortex-A73 & 6x1.6 GHz Cortex-A53),Mali-G71 MP2,microSDXC (dedicated slot),"32GB 3GB RAM, 64GB 4GB RAM, 128GB 4GB RAM","25 MP, f/1.7, 27mm (wide), PDAF__8 MP, f/2.2, 13mm (ultrawide), 1/4.0"", 1.12µm__5 MP, f/2.2, (depth)","LED flash, panorama, HDR",1080p@30fps,"16 MP, f/2.0, 26mm (wide), 1/3.06"", 1.0µm",,1080p@30fps,Yes,Yes,"Wi-Fi 802.11 a/b/g/n/ac, dual-band, Wi-Fi Direct","5.0, A2DP, LE","GPS, GLONASS, GALILEO, BDS",Yes (market/region dependent),FM radio,"USB Type-C 2.0, OTG","Fingerprint (under display, optical), accelerometer, gyro, proximity, compass","Li-Po 4000 mAh, non-removable",15W wired,,"Prism Crush Black, Prism Crush White, Prism Crush Green, Prism Crush Violet2","SM-A307F, SM-A307FN, SM-A307G, SM-A307GN, SM-A307GT",0.87 W/kg (head) 0.43 W/kg (body) ,1.05 W/kg (head) 1.54 W/kg (body) ,About 260 EUR,,,"7,482,080 hits",
67,Samsung Galaxy A55,True,True,True,True,"2024, March 11","Available. Released 2024, March 15",161.1 x 77.4 x 8.2 mm (6.34 x 3.05 x 0.32 in),213 g (7.51 oz),"Glass front (Gorilla Glass Victus+), glass back (Gorilla Glass), aluminum frame",Nano-SIMNano-SIM + eSIMNano-SIM + Nano-SIMNano-SIM + Nano-SIM + eSIM (max 2 at a time),IP67 dust/water resistant (up to 1m for 30 min),"Super AMOLED, 120Hz, HDR10+, 1000 nits (HBM)","6.6 inches, 106.9 cm2 (~85.8% screen-to-body ratio)","1080 x 2340 pixels, 19.5:9 ratio (~390 ppi density)",Corning Gorilla Glass Victus+,Always-on display,"Android 14, up to 4 major Android upgrades, One UI 6.1",Exynos 1480 (4 nm),Octa-core (4x2.75 GHz Cortex-A78 & 4x2.0 GHz Cortex-A55),Xclipse 530,microSDXC (uses shared SIM slot),"128GB 6GB RAM, 128GB 8GB RAM, 256GB 6GB RAM, 256GB 8GB RAM, 256GB 12GB RAM","50 MP, f/1.8, (wide), 1/1.56"", 1.0µm, PDAF, OIS__12 MP, f/2.2, 123˚ (ultrawide), 1/3.06"", 1.12µm__5 MP, f/2.4, (macro)","LED flash, panorama, HDR","4K@30fps, 1080p@30/60fps, gyro-EIS","32 MP, f/2.2, 26mm (wide), 1/2.74"", 0.8µm",,"4K@30fps, 1080p@30/60fps","Yes, with stereo speakers",No,"Wi-Fi 802.11 a/b/g/n/ac/6, dual-band, Wi-Fi Direct","5.3, A2DP, LE","GPS, GALILEO, GLONASS, BDS, QZSS",Yes (market/region dependent),No,"USB Type-C 2.0, OTG","Fingerprint (under display, optical), accelerometer, gyro, compass",Li-Ion 5000 mAh,25W wired,,"Iceblue, Lilac, Navy, Lemon","SM-A556V, SM-A556B, SM-A556B/DS, SM-A556E, SM-A556E/DS, SM-A5560",,0.68 W/kg (head) 1.04 W/kg (body) ,"€ 314.99 / $ 285.99 / £ 246.49 / ₹ 39,999","__AnTuTu: 635598 (v9), 726158 (v10)___GeekBench: 3259 (v5), 3350 (v6)__3DMark: 1024 (Wild Life Extreme)",,"10,545,300 hits",4.1
68,Samsung Galaxy S24,True,True,True,True,"2024, January 17","Available. Released 2024, January 24",147 x 70.6 x 7.6 mm (5.79 x 2.78 x 0.30 in),167 g or 168 g (5.89 oz),"Glass front (Gorilla Glass Victus 2), glass back (Gorilla Glass Victus 2), aluminum frame",Nano-SIM + eSIMNano-SIM + Nano-SIMNano-SIM + Nano-SIM + eSIM + eSIM (max 2 at a time),IP68 dust/water resistant (up to 1.5m for 30 min)__Armor aluminum 2 frame,"Dynamic LTPO AMOLED 2X, 120Hz, HDR10+, 2600 nits (peak)","6.2 inches, 94.4 cm2 (~90.9% screen-to-body ratio)","1080 x 2340 pixels, 19.5:9 ratio (~416 ppi density)",Corning Gorilla Glass Victus 2,Always-on display,"Android 14, up to 7 major Android upgrades, One UI 6.1.1",Qualcomm SM8650-AC Snapdragon 8 Gen 3 (4 nm) - USA/Canada/ChinaExynos 2400 (4 nm) - International,8-core (1x3.39GHz Cortex-X4 & 3x3.1GHz Cortex-A720 & 2x2.9GHz Cortex-A720 & 2x2.2GHz Cortex-A520)10-core (1x3.2GHz Cortex-X4 & 2x2.9GHz Cortex-A720 & 3x2.6GHz Cortex-A720 & 4x1.95GHz Cortex-A520),Adreno 750 (1 GHz) - USA/Canada/ChinaXclipse 940 - International,No,"128GB 8GB RAM, 256GB 8GB RAM, 256GB 12GB RAM, 512GB 8GB RAM","50 MP, f/1.8, 24mm (wide), 1/1.56"", 1.0µm, dual pixel PDAF, OIS__10 MP, f/2.4, 67mm (telephoto), 1/3.94"", 1.0µm, PDAF, OIS, 3x optical zoom__12 MP, f/2.2, 13mm, 120˚ (ultrawide), 1/2.55"" 1.4µm, Super Steady video","LED flash, auto-HDR, panorama","8K@24/30fps, 4K@30/60fps, 1080p@30/60/240fps, HDR10+, stereo sound rec., gyro-EIS","12 MP, f/2.2, 26mm (wide), 1/3.2"", 1.12µm, dual pixel PDAF","HDR, HDR10+","4K@30/60fps, 1080p@30fps","Yes, with stereo speakers",No,"Wi-Fi 802.11 a/b/g/n/ac/6e, tri-band, Wi-Fi Direct","5.3, A2DP, LE","GPS, GLONASS, BDS, GALILEO, QZSS",Yes,No,"USB Type-C 3.2, DisplayPort 1.2, OTG","Fingerprint (under display, ultrasonic), accelerometer, gyro, proximity, compass, barometer",Li-Ion 4000 mAh,"25W wired, PD3.0, 50% in 30 min__15W wireless (Qi/PMA)__4.5W reverse wireless",,"Onyx Black, Marble Grey, Cobalt Violet, Amber Yellow, Jade Green, Sandstone Orange, Sapphire Blue","SM-S921B, SM-S921B/DS, SM-S921U, SM-S921U1, SM-S921W, SM-S921N, SM-S9210, SM-S921E, SM-S921E/DS",1.23 W/kg (head)  1.10 W/kg (body)  ,0.87 W/kg (head)  1.35 W/kg (body)  ,"€ 558.61 / $ 408.39 / £ 439.16 / ₹ 50,900","__AnTuTu: 1218977 (v9), 1696727 __(v10)__GeekBench: 5833 (v5), 6747 (v6)__3DMark: 4183 (Wild Life Extreme)",,"6,264,953 hits",4.4
